Player,Squad,Pos,Min,xG,xA,season
Kylian Mbappe-Lottin,Paris Saint Germain,FW,2144.0,21.30484156869352,6.111246053129435,2023-24
Alexandre Lacazette,Lyon,FW,2328.0,14.314888790249825,2.1464070649817586,2023-24
Jonathan Christian David,Lille,FW,2662.0,20.245989114046097,3.6278544832021,2023-24
Pierre-Emerick Aubameyang,Marseille,FW,2651.0,22.92249481752515,5.676151594147086,2023-24
Wissam Ben Yedder,Monaco,FW,2329.0,15.413016859441996,5.340569153428078,2023-24
Thijs Dallinga,Toulouse,FW,2526.0,15.851471649482846,1.827732164412737,2023-24
Georges Mikautadze,Metz,FW,1767.0,9.639897767454386,2.277865383774042,2023-24
Terem Igobor Moffi,Nice,FW,1985.0,10.773453200235963,4.1571652777493,2023-24
Gonçalo Ramos,Paris Saint Germain,FW,1432.0,10.042182721197605,2.3267749901860952,2023-24
Arnaud Kalimuendo Muinga,Rennes,FW,2185.0,9.685840448364615,2.3931171717122197,2023-24
Takumi Minamino,Monaco,FW,2159.0,7.044541770592332,5.270321061834693,2023-24
Benjamin Bourigeaud,Rennes,FW,2467.0,9.492334720678627,6.859400821849704,2023-24
Téji Savanier,Montpellier,MF,2802.0,9.534016711637378,8.263342382386327,2023-24
Sepe Elye Wahi,"Lens,Montpellier",FW,1723.0,14.083894703537226,3.1773214172571898,2023-24
Romain Del Castillo,Brest,FW,2557.0,5.3914333544671535,10.25096280220896,2023-24
Muhammed-Cham Saracevic,Clermont Foot,FW,2580.0,9.278165878728032,3.048882992938161,2023-24
Mostafa Mohamed,Nantes,FW,2052.0,7.874880239367485,2.762396715581417,2023-24
Akor Adams,Montpellier,FW,2304.0,13.71569935977459,1.9707514513283968,2023-24
Emanuel Emegha,Strasbourg,FW,2105.0,10.774887776002288,0.33968299720436335,2023-24
Mohamed Bamba,Lorient,FW,1163.0,7.7029648795723915,2.106854500249028,2023-24
Florian Sotoca,Lens,FW,2615.0,8.699992233887315,7.505253344774246,2023-24
Wesley Said,Lens,FW,1004.0,6.774058876559138,1.0907432921230793,2023-24
Martin Terrier,Rennes,FW,1561.0,5.484762106090784,3.058112908154726,2023-24
Amine Gouiri,Rennes,FW,2090.0,8.593208337202668,2.2471080673858523,2023-24
Mahdi Camara,Brest,MF,2071.0,5.036631565541029,3.4732709750533104,2023-24
Vitinha,Paris Saint Germain,FW,2127.0,3.1169276209548116,3.475747575983405,2023-24
Folarin Balogun,Monaco,FW,1712.0,12.501815546303988,3.4841915406286716,2023-24
Maghnes Akliouche,Monaco,FW,1618.0,5.47180512920022,3.7820165380835533,2023-24
Aleksandr Golovin,Monaco,FW,2177.0,4.375330166891217,5.106445733457804,2023-24
Jeremie Boga,Nice,FW,2034.0,5.111232029274106,5.038571942597628,2023-24
Steve Mounie,Brest,FW,1778.0,10.936348255723715,1.9047060329467058,2023-24
Vincent Sierro,Toulouse,MF,2268.0,5.410428666509688,2.1507469648495317,2023-24
Arnaud Nordin,Montpellier,FW,1253.0,3.4023736231029034,3.0597617737948895,2023-24
Randal Kolo Muani,Paris Saint Germain,FW,1261.0,6.060104067437351,2.945527248084545,2023-24
Evann Guessand,Nice,FW,1508.0,9.788425955921412,1.4258180130273104,2023-24
Kamory Doumbia,Brest,MF,845.0,3.515577346086502,1.029841810464859,2023-24
Edon Zhegrova,Lille,FW,2333.0,6.623751133680344,6.066135792993009,2023-24
Teddy Teuma,Reims,MF,2143.0,3.2207208909094334,3.9529196303337812,2023-24
André Ayew,Le Havre,FW,1106.0,3.90908195823431,1.1872607376426458,2023-24
Gaetan Laborde,Nice,FW,1922.0,8.125969402492046,2.399031098932028,2023-24
Romain Faivre,Lorient,FW,1452.0,2.751144153997302,1.3688614312559366,2023-24
Bafode Diakite,Lille,DF,1695.0,2.9714528992772102,1.72285920009017,2023-24
Yusuf Yazici,Lille,FW,1318.0,6.340119296684861,2.655162677168846,2023-24
Matthis Abline,Nantes,FW,1048.0,3.4755435390397906,2.2668968997895718,2023-24
Mohamed Bayo,Le Havre,FW,1408.0,7.344980435445905,0.6225849771872163,2023-24
Frank Magri,Toulouse,FW,1425.0,3.865499809384346,1.3850213140249252,2023-24
Eli Junior Kroupi,Lorient,FW,1065.0,4.23556845728308,2.0847119065001607,2023-24
Oumar Diakité,Reims,FW,1601.0,6.596211787313223,1.855064818635583,2023-24
Mousa Al Tamari,Montpellier,FW,1969.0,4.405066933482885,3.3391671553254128,2023-24
Emmanuel Sabbi,Le Havre,FW,1598.0,4.6934321243315935,1.693899305537343,2023-24
Mohamed Daramy,Reims,FW,1674.0,6.099191207438707,2.9156137630343437,2023-24
Marco Asensio,Paris Saint Germain,FW,1113.0,4.186658531427383,5.453711749985814,2023-24
Kevin Gameiro,Strasbourg,FW,1347.0,3.81428830511868,3.140614176169038,2023-24
Benjamin André,Lille,MF,2576.0,3.6749807577580214,1.4772163350135088,2023-24
Ludovic Blas,Rennes,FW,1561.0,4.779703591018915,1.9489189833402634,2023-24
Achraf Hakimi,Paris Saint Germain,DF,1933.0,3.9934143386781216,5.582610415294766,2023-24
Pierre Lees-Melou,Brest,MF,2530.0,2.4142561042681336,3.0143834725022316,2023-24
Yunis Abdelhamid,Reims,DF,2785.0,3.332101697102189,0.22976422309875488,2023-24
Florent Mollet,Nantes,FW,2100.0,6.727348856627941,2.38288186583668,2023-24
Denis Zakaria,Monaco,DF,2155.0,2.2434440618380904,1.0849895384162664,2023-24
Youssouf Fofana,Monaco,MF,2709.0,5.708632782101631,4.075116904452443,2023-24
Marshall Munetsi,Reims,FW,2187.0,7.32050568331033,1.812375396490097,2023-24
Jeremy Le Douaron,Brest,FW,1634.0,7.360610231757164,0.5459868758916855,2023-24
David Pereira Da Costa,Lens,FW,1508.0,3.3974218741059303,2.882254445925355,2023-24
Martín Satriano,Brest,FW,1883.0,6.565474736504257,3.3374714450910687,2023-24
Ahmadou Bamba Dieng,Lorient,FW,530.0,3.5050003714859486,1.2395724318921566,2023-24
Deiver Machado,Lens,DF,1136.0,1.784729102626443,1.255944062024355,2023-24
Bradley Barcola,"Lyon,Paris Saint Germain",FW,1665.0,5.587399275973439,5.790045220404863,2023-24
Désiré Doué,Rennes,FW,1613.0,2.506785422563553,3.2440088354051113,2023-24
Shamar Nicholson,Clermont Foot,FW,1489.0,6.594864312559366,1.1917400257661939,2023-24
Ibrahim Salah,Rennes,FW,480.0,3.4569018948823214,0.8240513857454062,2023-24
Keito Nakamura,Reims,FW,1410.0,3.65666695125401,1.6749480552971363,2023-24
Nabil Alioui,Le Havre,FW,1026.0,2.152775105088949,1.971198357641697,2023-24
Jake O&#039;Brien,Lyon,DF,2369.0,3.1601644456386566,1.7144725359976292,2023-24
Ousmane Dembélé,Paris Saint Germain,FW,1522.0,5.467531647533178,7.214480429887772,2023-24
Said Benrahma,Lyon,FW,799.0,1.6094996351748705,3.6835075058043003,2023-24
Ismaila Sarr,Marseille,FW,1434.0,4.0526722595095634,2.7649366967380047,2023-24
Matthieu Udol,Metz,DF,2700.0,1.55330375675112,2.9960991982370615,2023-24
Lebo Mothiba,Strasbourg,FW,597.0,5.460810614749789,0.18768267706036568,2023-24
Christopher Operi,Le Havre,DF,2448.0,1.9374558152630925,4.1019867630675435,2023-24
Ablie Jallow,Metz,FW,924.0,2.1019286774098873,0.7209161873906851,2023-24
Samuel Gigot,Marseille,DF,1735.0,3.7836338691413403,0.6496247239410877,2023-24
Yann Gboho,Toulouse,FW,1215.0,1.6321332231163979,1.9749648943543434,2023-24
Moses Simon,Nantes,FW,1803.0,4.668348058126867,3.968233197927475,2023-24
Lee Kang-In,Paris Saint Germain,FW,1477.0,2.020375344902277,3.2733469223603606,2023-24
Pereira Lage,Brest,FW,1167.0,3.957470413297415,2.3346722200512886,2023-24
Lilian Brassier,Brest,DF,2679.0,1.2170368153601885,0.634378707036376,2023-24
Cheick Tidiane Sabaly,Metz,FW,1408.0,2.5835357382893562,1.141747161746025,2023-24
Jonathan Clauss,Marseille,DF,2089.0,1.394891146570444,4.359142733737826,2023-24
Dilane Bakwa,Strasbourg,FW,2187.0,3.3611376946792006,5.99444548971951,2023-24
Iliman Ndiaye,Marseille,FW,1647.0,4.741980096325278,2.8300538305193186,2023-24
Dion Moise Sahi,Strasbourg,FW,613.0,3.761172002181411,1.2162883467972279,2023-24
Przemyslaw Frankowski,Lens,DF,2199.0,4.1157539039850235,4.827693289145827,2023-24
Habib Diarra,Strasbourg,FW,2337.0,3.1546090682968497,1.586253142915666,2023-24
Vanderson,Monaco,DF,1677.0,2.644009420182556,2.2012882940471172,2023-24
Nicolás Tagliafico,Lyon,DF,2139.0,3.263522985391319,0.8974769078195095,2023-24
Zakaria Aboukhlal,Toulouse,FW,764.0,3.2044861800968647,0.2308216318488121,2023-24
Khalil Fayad,Montpellier,FW,1022.0,2.1196256168186665,0.9183327397331595,2023-24
Junya Ito,Reims,FW,2745.0,5.085144154727459,11.214461904019117,2023-24
Julien Ponceau,Lorient,FW,2272.0,3.197014134377241,2.7552311634644866,2023-24
Vitinha,Marseille,FW,921.0,5.534087149426341,2.816041424870491,2023-24
Amir Richardson,Reims,MF,1354.0,2.0540283527225256,1.2164121214300394,2023-24
Ernest Nuamah,Lyon,FW,1861.0,4.488262306898832,4.6635559890419245,2023-24
Amir Murillo,Marseille,DF,979.0,0.9443634413182735,1.604901198297739,2023-24
Malick Fofana,Lyon,FW,521.0,2.3040476609021425,0.6635458040982485,2023-24
Faris Moumbagna,Marseille,FW,532.0,2.297125905752182,0.9849253073334694,2023-24
Chancel Mbemba,Marseille,DF,2213.0,1.8016112111508846,0.9920555800199509,2023-24
Joel Asoro,Metz,FW,849.0,0.8502524234354496,0.45499365124851465,2023-24
Carlos Soler,Paris Saint Germain,DF,1086.0,1.7773496247828007,2.3036557398736477,2023-24
Sergio Akieme,Reims,DF,806.0,1.1321421954780817,0.32174989208579063,2023-24
Daler Kuzyaev,Le Havre,FW,2114.0,1.9548383736982942,1.2785213775932789,2023-24
Frederic Guilbert,Strasbourg,DF,2514.0,0.9530006088316441,1.2549135070294142,2023-24
Benjamin Mendy,Lorient,DF,699.0,1.0539637645706534,2.1505850292742252,2023-24
Rémy Cabella,Lille,FW,1458.0,5.502562128007412,3.478668333031237,2023-24
Tiemoué Bakayoko,Lorient,MF,1320.0,1.53631126973778,0.5140000507235527,2023-24
Ismael Traoré,Metz,DF,2225.0,1.0283289682120085,0.08978279121220112,2023-24
Corentin Tolisso,Lyon,DF,1764.0,2.9498002268373966,2.180631509050727,2023-24
Grejohn Kyei,Clermont Foot,FW,1014.0,4.9180383663624525,1.2012839950621128,2023-24
Abdoulaye Touré,Le Havre,MF,2314.0,2.778659758158028,0.6587939606979489,2023-24
Morgan Sanson,Nice,MF,2005.0,2.4807587498798966,4.7641644068062305,2023-24
Gautier Lloris,Le Havre,DF,2782.0,2.2394042601808906,0.1668939907103777,2023-24
Laurent Abergel,Lorient,MF,2863.0,0.9182511237449944,2.0591473784297705,2023-24
Hugo Magnetti,Brest,MF,2385.0,2.3243492525070906,1.240470776334405,2023-24
Kenny Lala,Brest,DF,2970.0,0.4887401550076902,3.720995305106044,2023-24
Orel Mangala,Lyon,MF,390.0,0.6318405121564865,0.5445175617933273,2023-24
Leonardo Balerdi,Marseille,DF,2286.0,1.5898108915425837,0.14491049945354462,2023-24
Jean-Charles Castelletto,Nantes,DF,2468.0,0.4380025565624237,1.0735941221937537,2023-24
Mama Baldé,Lyon,FW,521.0,3.156901767477393,2.395954266190529,2023-24
Abdoul Kader Bamba,Nantes,MF,542.0,2.077591747045517,1.301208570599556,2023-24
Jean-Ricner Bellegarde,Strasbourg,FW,270.0,0.5845728665590286,1.346037745475769,2023-24
Hichem Boudaoui,Nice,MF,1609.0,3.5676626646891236,2.251754865050316,2023-24
Modibo Sagnan,Montpellier,DF,1063.0,1.4889334714971483,0.5682838372886181,2023-24
Azz-Eddine Ounahi,Marseille,MF,1234.0,0.9383462257683277,1.6522557511925697,2023-24
Jim Allevinah,Clermont Foot,FW,1915.0,2.7687199637293816,1.344161020591855,2023-24
Elbasan Rashani,Clermont Foot,FW,1173.0,1.8926210356876254,0.6972434092313051,2023-24
Arthur Theate,Rennes,DF,2306.0,2.0051040309481323,0.7494475785642862,2023-24
Eray Cömert,Nantes,DF,1991.0,0.5572396423667669,0.15636929497122765,2023-24
Leny Yoro,Lille,DF,2670.0,2.2766736643388867,0.1037881076335907,2023-24
Ben Seghir,Monaco,FW,404.0,0.8190818913280964,0.4249519109725952,2023-24
Warren Zaïre-Emery,Paris Saint Germain,DF,1967.0,1.787117462605238,2.970772545784712,2023-24
Rasmus Nicolaisen,Toulouse,DF,2929.0,1.4216241789981723,0.5673008300364017,2023-24
Christian Mawissa Elebi,Toulouse,DF,1115.0,0.7378201857209206,0.3464423641562462,2023-24
Hákon Haraldsson,Lille,FW,1280.0,1.2596768289804459,1.6958199627697468,2023-24
Morgan Guilavogui,Lens,FW,493.0,2.304705310612917,1.8569900281727314,2023-24
Yassine Kechta,Le Havre,MF,1868.0,1.6456643836572766,1.6516199680045247,2023-24
Abakar Sylla,Strasbourg,DF,1798.0,2.25918669719249,0.20379478856921196,2023-24
Papa Amadou Diallo,Metz,FW,883.0,2.509009497705847,0.9904705602675676,2023-24
Aiyegun Tosin,Lorient,FW,900.0,1.174021172337234,0.31833386421203613,2023-24
Jeremy Sebas,Strasbourg,FW,391.0,1.0171898305416107,0.04448319599032402,2023-24
Dante,Nice,DF,2847.0,1.5748603288084269,0.851948807016015,2023-24
Jordan Veretout,Marseille,MF,2181.0,2.1600702428258955,5.629450068809092,2023-24
Wahbi Khazri,Montpellier,FW,1151.0,4.432910308241844,1.322423979640007,2023-24
Jordan Amavi,Brest,DF,91.0,0.06818746775388718,0.0,2023-24
Pedro Chirivella,Nantes,MF,2625.0,1.30850313231349,0.8502244986593723,2023-24
Ainsley Maitland-Niles,Lyon,FW,1440.0,3.2190229715779424,1.913672556169331,2023-24
Lucas Hernández,Paris Saint Germain,DF,1937.0,0.5872261431068182,2.1136919744312763,2023-24
Fabián,Paris Saint Germain,MF,1189.0,1.7686488423496485,1.4336949158459902,2023-24
Thilo Kehrer,Monaco,DF,1326.0,0.9344119448214769,0.912460251711309,2023-24
Adam Ounas,Lille,MF,388.0,0.6189610250294209,2.255139661952853,2023-24
Maxime Gonalons,Clermont Foot,MF,1339.0,0.4426813926547766,0.22506644763052464,2023-24
Jordan Ferri,Montpellier,MF,2045.0,0.8777746018022299,1.8114887531846762,2023-24
Issiaga Sylla,Montpellier,DF,1459.0,1.1118053197860718,1.2978583928197622,2023-24
Vincent Le Goff,Lorient,DF,560.0,0.13378017023205757,0.992842554114759,2023-24
Marcus Coco,Nantes,FW,1510.0,1.1307953661307693,1.0208944641053677,2023-24
Adrien Thomasson,Lens,MF,1186.0,4.732723202556372,4.164455230347812,2023-24
Ivan Cavaleiro,Lille,FW,782.0,1.7073889076709747,1.4392605368047953,2023-24
Nolan Mbemba,Le Havre,MF,7.0,0.04534989967942238,0.0,2023-24
Samuel Grandsir,Le Havre,MF,556.0,2.6092693097889423,1.2302608918398619,2023-24
Christopher Jullien,Montpellier,DF,1215.0,1.456346619874239,0.03346018772572279,2023-24
Bilal Boutobba,Clermont Foot,FW,912.0,2.4618160519748926,1.8785869479179382,2023-24
Kevin Danso,Lens,DF,2657.0,2.2954298378899693,0.30831503588706255,2023-24
Niklas Schmidt,Toulouse,MF,1265.0,1.516534423455596,3.1523961946368217,2023-24
Breel Embolo,Monaco,FW,175.0,0.8260157406330109,0.17144322954118252,2023-24
Yann Karamoh,Montpellier,FW,243.0,0.6743476167321205,0.13751722313463688,2023-24
Amine Harit,Marseille,FW,1837.0,2.992945097386837,3.8823818005621433,2023-24
Youssef Maziz,Metz,MF,131.0,0.4085260033607483,0.0428303643129766,2023-24
Yoann Salmier,Le Havre,DF,1570.0,1.4450461836531758,1.3807902336120605,2023-24
Ruben Aguilar,Lens,DF,1934.0,1.777808541432023,3.1522562243044376,2023-24
Samuel Moutoussamy,Nantes,MF,1085.0,2.1231555305421352,0.6587613690644503,2023-24
Angelo Fulgini,Lens,MF,1398.0,3.6937349252402782,3.696188071742654,2023-24
Guillermo Maripán,Monaco,DF,1772.0,0.5276401601731777,0.8011495927348733,2023-24
Youcef Atal,Nice,DF,373.0,0.14236710593104362,0.8520295917987823,2023-24
Jonathan Gradit,Lens,DF,2141.0,0.22225267626345158,0.1320574041455984,2023-24
Kephren Thuram,Nice,MF,2131.0,3.9183114636689425,4.024295303970575,2023-24
Imran Louza,Lorient,MF,874.0,0.9397605489939451,3.3334865644574165,2023-24
Maxence Caqueret,Lyon,MF,3033.0,2.3388336547650397,6.2454175893217325,2023-24
Wilfried Stephane Singo,Monaco,DF,2183.0,0.6674047829583287,1.1527590109035373,2023-24
Moussa Diarra,Toulouse,DF,1391.0,0.36733969300985336,1.3667648024857044,2023-24
Brendan Chardonnet,Brest,DF,2970.0,1.4806034844368696,1.9463304243981838,2023-24
Thomas Delaine,Strasbourg,FW,2074.0,1.9012813149020076,3.375219777226448,2023-24
Mathis Cherki,Lyon,FW,1721.0,5.684411404654384,4.492587501183152,2023-24
Ismail Jakobs,Monaco,DF,1465.0,1.7188143711537123,1.7914068289101124,2023-24
Melvin Bard,Nice,DF,2683.0,0.5778345596045256,2.7300977502018213,2023-24
Logan Costa,Toulouse,DF,2643.0,1.653143205679953,0.5063137877732515,2023-24
Jean Onana,Marseille,MF,553.0,0.7238339576870203,0.10110863484442234,2023-24
Adrien Truffert,Rennes,DF,2145.0,1.2452726271003485,2.754145013168454,2023-24
Chrislain Matsima,"Clermont Foot,Monaco",DF,1472.0,0.27581577003002167,0.04629664123058319,2023-24
Jordan Lotomba,Nice,DF,1822.0,1.3524351436644793,1.3800171203911304,2023-24
Facundo Medina,Lens,DF,2714.0,1.0300949662923813,2.1363372802734375,2023-24
Mohamed Ali-Cho,Nice,FW,875.0,1.1709333825856447,1.5442429296672344,2023-24
Pape Alassane Gueye,Marseille,DF,765.0,0.639775212854147,0.5262564718723297,2023-24
Tinotenda Kadewere,"Lyon,Nantes",FW,1076.0,2.536626670509577,1.2739359010010958,2023-24
Tanguy Coulibaly,Montpellier,FW,620.0,2.2709643244743347,1.060563888400793,2023-24
Lorenz Assignon,Rennes,DF,1010.0,0.4635073374956846,1.762451134622097,2023-24
Luis Henrique,Marseille,FW,773.0,1.092231074348092,0.7575593367218971,2023-24
Jéremy Doku,Rennes,FW,110.0,1.1924280524253845,0.19405369088053703,2023-24
Marvin Senaya,Strasbourg,DF,2130.0,1.1762971673160791,2.6553111616522074,2023-24
Reda Khadra,Reims,FW,1363.0,2.098100846633315,3.5564336143434048,2023-24
Maxime Estève,Montpellier,DF,1002.0,0.43329769652336836,0.24631388671696186,2023-24
Warmed Omari,Rennes,DF,2077.0,0.648391380906105,0.28451000340282917,2023-24
Habib Keita,Clermont Foot,MF,1264.0,0.6384662594646215,0.6892083361744881,2023-24
Andy Diouf,Lens,MF,1351.0,1.498029014095664,1.1004069512709975,2023-24
Myron Boadu,Monaco,MF,71.0,0.7872653752565384,0.0,2023-24
Christopher Wooh,Rennes,DF,1385.0,1.6293416675180197,0.447730029001832,2023-24
Florent Ogier,Clermont Foot,DF,921.0,0.22870128881186247,0.5649861097335815,2023-24
Henrique,Lyon,DF,607.0,0.4164334014058113,0.5064263064414263,2023-24
Gabriel Gudmundsson,Lille,FW,1253.0,1.5891057532280684,1.3782710460945964,2023-24
Nuno Mendes,Paris Saint Germain,DF,259.0,0.3703247234225273,0.8533171117305756,2023-24
Azor Matusiwa,"Reims,Rennes",MF,2186.0,1.1399865420535207,1.1238975645974278,2023-24
Joshua Wilson-Esbrand,Reims,DF,460.0,0.1910467967391014,1.2285603545606136,2023-24
Yohann Magnin,Clermont Foot,FW,1654.0,1.6208317438140512,1.01841514185071,2023-24
Didier Lamkel Zé,Metz,FW,560.0,1.2143923938274384,0.5939076542854309,2023-24
Junior Mwanga,Strasbourg,FW,1474.0,1.1133563751354814,0.9430535584688187,2023-24
Mateusz Wieteska,Clermont Foot,DF,180.0,0.0806244257837534,0.0,2023-24
Ismaily,Lille,DF,2479.0,0.5590428728610277,1.4929571133106947,2023-24
Darline Yongwa,Lorient,DF,1140.0,1.0311737637966871,1.50238286703825,2023-24
Souleymane Isaak Touré,Lorient,DF,2052.0,2.0452666468918324,0.41591945569962263,2023-24
Emmanuel Agbadou,Reims,DF,2601.0,2.312899088487029,1.050631707534194,2023-24
Mohamed Camara,Monaco,MF,1073.0,1.5949666714295745,0.4871107516810298,2023-24
Badredine Bouanani,"Lorient,Nice",FW,583.0,1.3713798243552446,1.3446860872209072,2023-24
Siriné Doucouré,Lorient,FW,422.0,1.0782809853553772,1.0283502545207739,2023-24
Ayman Kari,Lorient,FW,920.0,1.069549836218357,1.0054884646087885,2023-24
Cheick Konate,Clermont Foot,DF,1065.0,0.574148784391582,1.9202979491092265,2023-24
Jeffinho,Lyon,FW,293.0,1.2841922054067254,0.9289669077843428,2023-24
Tom Louchet,Nice,FW,381.0,1.0059647634625435,1.0139359273016453,2023-24
Emran Soglo,Marseille,MF,118.0,0.06254880130290985,0.05938415601849556,2023-24
Joseph Okumu,Reims,DF,1737.0,1.1647935397922993,0.0,2023-24
Tiago Santos,Lille,DF,2362.0,1.2542755771428347,2.645004451274872,2023-24
Óscar Cortés,Lens,MF,30.0,0.4433479309082031,0.6105575561523438,2023-24
Cristian Cásseres Jr.,Toulouse,MF,1964.0,1.4494038056582212,2.040348768234253,2023-24
César Gelabert,Toulouse,FW,771.0,0.9986520819365978,1.647264525294304,2023-24
Lucas Mincarelli Davin,Montpellier,DF,996.0,0.5185244949534535,0.7111035995185375,2023-24
Lamine Camara,Metz,MF,2277.0,1.8555652080103755,3.5246365256607533,2023-24
Arthur Atta,Metz,MF,915.0,1.007412069477141,1.9343109894543886,2023-24
Simon Elisor,Metz,FW,785.0,2.0553249157965183,0.849286824464798,2023-24
Andrey Santos,Strasbourg,MF,826.0,1.013881241902709,0.5879655871540308,2023-24
Ibou Sané,Metz,MF,104.0,0.49587803427129984,0.02884424477815628,2023-24
Skelly Alvero,Lyon,MF,432.0,0.501044224947691,0.03762567788362503,2023-24
Fabian Rieder,Rennes,MF,342.0,0.46229658275842667,0.553330309689045,2023-24
Kévin Van Den Kerkhof,Metz,FW,1922.0,1.194155065342784,2.9506359342485666,2023-24
Neil El Aynaoui,Lens,MF,1569.0,2.5668053859844804,1.0836108047515154,2023-24
Ibrahim Cissoko,Toulouse,MF,221.0,0.9265930280089378,0.3685957323759794,2023-24
Kassoum Ouattara,Monaco,DF,633.0,0.9063864052295685,1.0991815477609634,2023-24
Othmane Maamma,Montpellier,FW,90.0,0.48796406760811806,0.49542829394340515,2023-24
Beraldo,Paris Saint Germain,DF,1015.0,1.0835750717669725,0.24408954940736294,2023-24
Gift Orban,Lyon,FW,465.0,1.3008600361645222,0.0,2023-24
Panos Katseris,Lorient,DF,1059.0,2.2099021282047033,0.8746824134141207,2023-24
Shavy Babicka,Toulouse,FW,364.0,0.9532652199268341,0.19218382239341736,2023-24
Yoram Zague,Paris Saint Germain,DF,368.0,0.6070328187197447,0.34102728590369225,2023-24
Ulisses García,Marseille,DF,904.0,0.40494887810200453,1.059856466948986,2023-24
Mamadou Sakho,Montpellier,MF,4.0,0.0,0.0,2023-24
Dejan Lovren,Lyon,DF,728.0,0.7276167068630457,0.01740892603993416,2023-24
Nemanja Matic,"Lyon,Rennes",MF,2294.0,0.7257280210033059,1.1526501569896936,2023-24
Vito Mannone,Lille,GK,91.0,0.0,0.0,2023-24
Moussa Sissoko,Nantes,FW,1832.0,1.25010740570724,1.286710923537612,2023-24
Nabil Bentaleb,Lille,MF,1975.0,0.2938596587628126,0.6899229548871517,2023-24
Massadio Haidara,Lens,DF,719.0,0.15779872238636017,0.24414417147636414,2023-24
Gianluigi Donnarumma,Paris Saint Germain,GK,2169.0,0.0,0.0,2023-24
Milan Skriniar,Paris Saint Germain,DF,1613.0,0.14108247868716717,0.03549599647521973,2023-24
Geoffrey Kondogbia,Marseille,MF,1442.0,0.3745703939348459,0.7353154523298144,2023-24
Steve Mandanda,Rennes,GK,3060.0,0.0,0.0,2023-24
Nampalys Mendy,Lens,MF,1066.0,0.160887960344553,1.630225621163845,2023-24
Joaquín Correa,Marseille,FW,434.0,0.5828954353928566,0.643419899046421,2023-24
Sanjin Prcic,Strasbourg,MF,90.0,0.010828334838151932,0.22821531258523464,2023-24
Pau López,Marseille,GK,2943.0,0.0,0.38716500997543335,2023-24
Keylor Navas,Paris Saint Germain,GK,360.0,0.0,0.0,2023-24
Rubén Blanco,Marseille,GK,117.0,0.0,0.0,2023-24
Alban Lafont,Nantes,GK,2501.0,0.0,0.0,2023-24
Mehdi Zeffane,Clermont Foot,DF,1254.0,1.4550250554457307,0.3824244737625122,2023-24
Anthony Lopes,Lyon,GK,2790.0,0.0,0.2709861099720001,2023-24
Mathieu Gorgelin,Le Havre,GK,90.0,0.0,0.0,2023-24
Benjamin Stambouli,Reims,MF,282.0,0.04355176631361246,0.09760150499641895,2023-24
Marquinhos,Paris Saint Germain,DF,1549.0,0.27763368748128414,0.7221489418298006,2023-24
Layvin Kurzawa,Paris Saint Germain,MF,6.0,0.0,0.0,2023-24
Jean-Louis Leca,Lens,GK,90.0,0.0,0.0,2023-24
Jonas Martin,Brest,MF,1176.0,0.6068249363452196,1.3834041431546211,2023-24
Rémy Riou,Lyon,GK,270.0,0.0,0.0,2023-24
Alois Confais,Le Havre,MF,5.0,0.0,0.0,2023-24
Benjamin Lecomte,Montpellier,GK,2700.0,0.0,0.26036486495286226,2023-24
Denis Petric,Nantes,MF,19.0,0.0,0.0,2023-24
Ronael Pierre Gabriel,Nantes,DF,587.0,0.2708219066262245,0.7479082569479942,2023-24
Jean-Victor Makengo,Lorient,FW,476.0,0.18293609283864498,0.2661716043949127,2023-24
Samuel Umtiti,Lille,DF,184.0,0.0,0.0,2023-24
Dimitry Bertaud,Montpellier,GK,360.0,0.0,0.0,2023-24
Kevin N&#039;Doram,Metz,MF,1611.0,0.28296192828565836,0.5292211920022964,2023-24
Nicolas Pallois,Nantes,DF,1581.0,0.2083875872194767,0.5296203717589378,2023-24
Valentin Rongier,Marseille,MF,862.0,0.47283221781253815,0.7356455996632576,2023-24
Kelvin Adou,Nantes,DF,813.0,0.030147971585392952,1.012249756604433,2023-24
Brice Samba,Lens,GK,2970.0,0.0,0.18041114881634712,2023-24
Caio Henrique,Monaco,DF,628.0,0.20880811661481857,2.153760865330696,2023-24
Angel Gomes,Lille,MF,2605.0,1.7343415468931198,7.5377010479569435,2023-24
Valentin Rosier,Nice,MF,36.0,0.01832275465130806,0.12152031064033508,2023-24
Jeremie Bela,Clermont Foot,MF,159.0,0.1868158308789134,0.10504308342933655,2023-24
Faitout Maouassa,Lens,DF,76.0,0.3686111718416214,0.12599346041679382,2023-24
Baptiste Santamaria,Rennes,MF,1937.0,1.9300971580669284,0.8069737106561661,2023-24
Nordi Mukiele,Paris Saint Germain,DF,779.0,1.6449217982590199,0.1606107335537672,2023-24
Digbo Maiga,Metz,MF,127.0,0.06866446882486343,0.0,2023-24
Alexis Claude Maurice,Nice,MF,470.0,1.0006207078695297,0.22806857153773308,2023-24
Matteo Guendouzi,Marseille,MF,8.0,0.41735342144966125,0.0,2023-24
Remy Descamps,Nantes,GK,540.0,0.0,0.0,2023-24
Johan Gastien,Clermont Foot,MF,2315.0,0.21878023445606232,2.0714834621176124,2023-24
Oualid El Hajjam,Le Havre,DF,379.0,0.7073704451322556,0.4363715946674347,2023-24
Alexandre Oukidja,Metz,GK,2987.0,0.0,0.0,2023-24
Christophe Herelle,Metz,DF,1624.0,0.09168298915028572,0.06239938363432884,2023-24
Nicolas Cozza,Nantes,DF,900.0,0.9644020833075047,0.25912923365831375,2023-24
Yvon Mvogo,Lorient,GK,3060.0,0.0,0.0,2023-24
Ignatius Ganago,Nantes,FW,174.0,0.36266303807497025,0.8077720999717712,2023-24
Gerzino Nyamsi,Strasbourg,DF,1092.0,0.24791678227484226,0.12601706758141518,2023-24
Jessy Deminguet,Strasbourg,FW,689.0,0.13571515679359436,0.10380589962005615,2023-24
Yoel Armougom,Clermont Foot,DF,223.0,0.045487139374017715,0.28893205150961876,2023-24
Romain Perraud,Nice,DF,326.0,0.04746357351541519,0.7586815189570189,2023-24
Andy Pelmard,Clermont Foot,DF,2984.0,0.42860449850559235,0.5417843293398619,2023-24
Yehvann Diouf,Reims,GK,3060.0,0.0,0.0,2023-24
Jean-Clair Todibo,Nice,DF,2661.0,0.7868220256641507,1.453206803649664,2023-24
Sofiane Diop,Nice,FW,505.0,1.517579635605216,0.7088201846927404,2023-24
Matz Sels,Strasbourg,GK,1710.0,0.0,0.386400431394577,2023-24
Ibrahima Sissoko,Strasbourg,MF,1640.0,0.8727685492485762,1.9227196043357253,2023-24
Mohammed Salisu,Monaco,DF,1030.0,0.1895199902355671,0.4635328585281968,2023-24
Duje Caleta-Car,Lyon,DF,1986.0,0.6293763415887952,1.2204961348325014,2023-24
Thomas Foket,Reims,DF,1867.0,0.19014077819883823,1.1477462965995073,2023-24
Paul Akouokou,Lyon,MF,311.0,0.054843299090862274,0.0,2023-24
Theo Sainte Luce,Montpellier,DF,348.0,0.11119110882282257,0.0902826115489006,2023-24
Lucas Perrin,Strasbourg,DF,2719.0,0.5144310761243105,1.240734301507473,2023-24
Joris Chotard,Montpellier,MF,2623.0,0.7801956203766167,1.7759358156472445,2023-24
Fabien Centonze,Nantes,MF,91.0,0.0,0.0,2023-24
Marcin Bulka,Nice,GK,3060.0,0.053792212158441544,0.0,2023-24
Renan Lodi,Marseille,DF,1244.0,0.716683579608798,1.239263977855444,2023-24
Adrien Lebeau,Brest,MF,34.0,0.054343704134225845,0.6630993112921715,2023-24
Jean-Kevin Duverne,Nantes,DF,1349.0,0.6208431720733643,0.1384443510323763,2023-24
Guillaume Dietsch,Metz,MF,73.0,0.0,0.0,2023-24
Hianga&#039;a M&#039;Bock,Brest,MF,5.0,0.0816519558429718,0.5329005122184753,2023-24
Arnau Tenas,Paris Saint Germain,GK,529.0,0.0,0.2893681228160858,2023-24
Lucas Chevalier,Lille,GK,2970.0,0.0,0.11662076413631439,2023-24
Radoslaw Majecki,Monaco,GK,1080.0,0.0,0.0,2023-24
Eliot Matazo,Monaco,MF,72.0,0.08698328584432602,0.9687121957540512,2023-24
Thibault De Smet,Reims,DF,1852.0,0.17507822439074516,0.7101392019540071,2023-24
Julien Laporte,Lorient,DF,1823.0,0.8170445524156094,0.044015832245349884,2023-24
Enzo Le Fée,Rennes,MF,1548.0,0.5182020096108317,1.7437881659716368,2023-24
Adrian Grbic,Lorient,MF,28.0,0.11221704632043839,0.0,2023-24
Birger Meling,Rennes,MF,12.0,0.11981295049190521,0.0,2023-24
Kiki Kouyate,Montpellier,DF,1936.0,0.8520762994885445,1.5966659225523472,2023-24
Saidou Sow,Strasbourg,DF,714.0,0.11384033039212227,0.4738517999649048,2023-24
Sinaly Diomande,Lyon,DF,892.0,0.8058434035629034,0.39381058141589165,2023-24
Hugo Ekitike,Paris Saint Germain,MF,8.0,0.0,0.030382072553038597,2023-24
Danilo Pereira,Paris Saint Germain,DF,1981.0,1.7964236102998257,0.0,2023-24
Komnen Andric,Clermont Foot,FW,135.0,0.07827247492969036,0.14656597841531038,2023-24
Maxime Busi,Reims,MF,152.0,0.3641709089279175,0.22488996386528015,2023-24
Loris Mouyokolo,Lorient,DF,90.0,0.0,0.0,2023-24
Krépin Diatta,Monaco,DF,1163.0,0.8094843309372663,2.623059577308595,2023-24
Oussama Targhaline,Le Havre,MF,1053.0,0.14114288240671158,0.28763836808502674,2023-24
Quentin Merlin,"Marseille,Nantes",DF,2014.0,0.7230393858626485,2.9117498681880534,2023-24
Antoine Mendy,Nice,DF,414.0,0.12176655977964401,0.39360690861940384,2023-24
Sacha Delaye,Montpellier,MF,104.0,0.27823230996727943,0.10186490416526794,2023-24
Marco Bizot,Brest,GK,2877.0,0.0,0.1316264159977436,2023-24
Grégoire Coudert,Brest,GK,181.0,0.0,0.0,2023-24
Arthur Desmas,Le Havre,GK,2970.0,0.0,0.1745983362197876,2023-24
Salis Abdul Samed,Lens,MF,1510.0,0.8402506019920111,0.6497425884008408,2023-24
Alidu Seidu,"Clermont Foot,Rennes",DF,1728.0,0.09585056779906154,0.8352891271933913,2023-24
Pablo Rosario,Nice,DF,1996.0,0.8373203622177243,1.459423739463091,2023-24
Billal Brahimi,"Brest,Nice",FW,186.0,0.12922620959579945,0.5664444714784622,2023-24
Bradley Locko,Brest,DF,2962.0,0.2747934786602855,1.6215941831469536,2023-24
Igor Silva,Lorient,DF,251.0,0.04985778406262398,0.20471573621034622,2023-24
Léo Leroy,Montpellier,MF,439.0,0.8237765040248632,0.35707481298595667,2023-24
Bilal Nadir,Marseille,MF,100.0,0.08276744186878204,0.13041460886597633,2023-24
Bamo Meïté,"Lorient,Marseille",DF,761.0,0.08617095649242401,0.011449407786130905,2023-24
Axel Camblan,Brest,MF,70.0,0.31964658200740814,0.03326454758644104,2023-24
Montassar Talbi,Lorient,DF,2204.0,0.6891204351559281,0.25166409090161324,2023-24
Théo Le Bris,Lorient,DF,1498.0,1.003899421542883,1.3127658069133759,2023-24
Lovro Majer,Rennes,MF,12.0,0.042820077389478683,0.2584652304649353,2023-24
Maximiliano Caufriez,Clermont Foot,DF,1686.0,0.22163724340498447,0.19073536712676287,2023-24
Aiman Maurer,Clermont Foot,MF,44.0,0.12488669157028198,0.0,2023-24
Ibrahim Diakité,Reims,DF,100.0,0.0,0.0980342011898756,2023-24
Silvan Hefti,Montpellier,DF,711.0,0.2166466685011983,1.4108116924762726,2023-24
Alaa Bellarouch,Strasbourg,GK,1350.0,0.0,0.033435191959142685,2023-24
Jeanuël Belocian,Rennes,DF,1459.0,0.4875206686556339,0.3548547849059105,2023-24
Danley Jean Jacques,Metz,MF,2694.0,2.9617251148447394,0.4454032639041543,2023-24
Kelvin Yeboah,Montpellier,MF,233.0,0.5418527387082577,0.23647567629814148,2023-24
Bonke Innocent,Lorient,MF,211.0,0.07072122395038605,0.11795753240585327,2023-24
Pablo Pagis,Lorient,MF,175.0,0.10874316096305847,0.0,2023-24
Falaye Sacko,Montpellier,DF,1373.0,0.023633526638150215,0.3710645101964474,2023-24
Enzo Tchato Mbiayi,Montpellier,DF,1119.0,0.3418476041406393,0.19506716448813677,2023-24
Ibrahima Koné,Lorient,MF,30.0,0.0,0.0,2023-24
Fali Candé,Metz,DF,1836.0,0.7711716489866376,0.2514672242105007,2023-24
Ismaël Doukouré,Strasbourg,DF,1672.0,0.21567039284855127,0.20686044543981552,2023-24
Carlos Baleba,Lille,MF,65.0,0.030348950996994972,0.0,2023-24
Johann Lepenant,Lyon,MF,251.0,0.08760345168411732,0.1649843007326126,2023-24
Mohamed El Arouch,Lyon,MF,1.0,0.0,0.0,2023-24
Soungoutou Magassa,Monaco,DF,1339.0,0.5910461433231831,0.11408420279622078,2023-24
Mory Diaw,Clermont Foot,GK,2700.0,0.0,0.04598391801118851,2023-24
Neto Borges,Clermont Foot,DF,2520.0,0.5178292142227292,2.267312972806394,2023-24
Mikkel Desler,Toulouse,DF,1560.0,1.1496010944247246,1.2052357457578182,2023-24
Stijn Spierings,"Lens,Toulouse",MF,1611.0,0.32107141613960266,0.7943557417020202,2023-24
Farès Chaïbi,Toulouse,MF,49.0,0.0,0.5024143569171429,2023-24
Denis Genreau,Toulouse,MF,466.0,0.3972939131781459,0.6255151499062777,2023-24
Kévin Biakolo,Toulouse,DF,541.0,0.009757963940501213,0.13449538219720125,2023-24
Alexsandro Ribeiro,Lille,DF,2207.0,2.4435949474573135,1.0118668656796217,2023-24
Amine Salama,Reims,FW,285.0,1.2880796808749437,0.2140091359615326,2023-24
Achraf Dari,Brest,DF,117.0,0.04746658727526665,0.0,2023-24
Karamoko Dembele,Brest,MF,11.0,0.0,0.0,2023-24
Gédéon Kalulu,Lorient,DF,975.0,0.6428866423666477,1.1876168716698885,2023-24
Guela Doué,Rennes,DF,1218.0,0.4617900559678674,1.2490335423499346,2023-24
Yanis Begraoui,Toulouse,FW,279.0,0.43919466249644756,0.1227879673242569,2023-24
Naatan Skyttä,Toulouse,MF,97.0,0.5021806135773659,0.5789231508970261,2023-24
Alan Virginius,"Clermont Foot,Lille",FW,1039.0,0.9961100295186043,1.5445407945662737,2023-24
Marquinhos,Nantes,MF,147.0,0.24020187556743622,1.0209415145218372,2023-24
Reda Belahyane,Nice,MF,24.0,0.0,0.0,2023-24
Yaya Fofana,Reims,MF,16.0,0.08731898292899132,0.0,2023-24
Axel Gueguin,Montpellier,DF,124.0,0.0,0.08152110129594803,2023-24
Sael Kumbedi,Lyon,DF,908.0,0.27617457415908575,0.6427205298095942,2023-24
Ichem Ferrah,Lille,MF,1.0,0.0,0.0,2023-24
Mamadou Sarr,Lyon,MF,4.0,0.0,0.0,2023-24
Julien Le Cardinal,"Brest,Lens",DF,515.0,0.34435148537158966,0.15290643274784088,2023-24
Nathan Zeze,Nantes,DF,1026.0,0.1480166306719184,0.0,2023-24
Warren Kamanzi,Toulouse,DF,1173.0,0.6049273461103439,2.35152455791831,2023-24
François Mughe,Marseille,MF,175.0,0.09188223257660866,0.14500178769230843,2023-24
Youssouf Ndayishimiye,Nice,DF,1715.0,1.2197498939931393,0.8034768821671605,2023-24
Eduard Sobol,Strasbourg,MF,16.0,0.0,0.0,2023-24
Gabriel Suazo,Toulouse,FW,2380.0,0.6201653834432364,2.9135293792933226,2023-24
Jaouen Hadjam,Nantes,MF,90.0,0.04207839071750641,0.43572484888136387,2023-24
Amin Sarr,Lyon,FW,90.0,0.6009720340371132,0.0890473797917366,2023-24
Valentin Atangana Edoa,Reims,MF,541.0,0.40866832807660103,0.1224844828248024,2023-24
Edan Diop,Monaco,MF,137.0,0.0,0.0,2023-24
Stredair Appuah,Nantes,MF,69.0,0.40877335146069527,0.0,2023-24
Thérence Koudou,Reims,DF,291.0,0.030695180408656597,0.2206723429262638,2023-24
Aurelien Pelon,Lorient,DF,90.0,0.0,0.0,2023-24
Jérémy Jacquet,"Clermont Foot,Rennes",DF,234.0,0.1028948426246643,0.1672557108104229,2023-24
Mamadou Diakhon,Reims,FW,174.0,0.02649614028632641,0.14303268492221832,2023-24
Bénie Traoré,Nantes,FW,486.0,0.7419605404138565,1.2470746487379074,2023-24
Aaron Malouda,Lille,MF,1.0,0.0,0.0,2023-24
Abduqodir Khusanov,Lens,DF,819.0,0.19425269588828087,0.07268452644348145,2023-24
Ayanda Sishuba,Lens,MF,44.0,1.0613732365891337,0.025091631338000298,2023-24
Manuel Ugarte,Paris Saint Germain,MF,1938.0,0.43219534307718277,1.0513594467192888,2023-24
Cher Ndour,Paris Saint Germain,MF,20.0,0.0,0.0,2023-24
Dembo Sylla,Lorient,MF,42.0,0.03768537938594818,0.0,2023-24
Formose Mendy,Lorient,DF,1246.0,0.26530435774475336,0.1616651751101017,2023-24
Douglas Augusto,Nantes,MF,1791.0,1.3544314978644252,1.5766075644642115,2023-24
Lamine Diack,Nantes,MF,1.0,0.0,0.0,2023-24
Bastien Meupiyou,Nantes,DF,8.0,0.0,0.0,2023-24
Guillaume Restes,Toulouse,GK,3060.0,0.0,0.0,2023-24
Mamady Bangré,Toulouse,MF,73.0,0.18040728941559792,0.8699694573879242,2023-24
Massamba Ndiaye,Clermont Foot,GK,360.0,0.0,0.0,2023-24
Philipp Köhn,Monaco,GK,1980.0,0.0,0.0,2023-24
Becir Omeragic,Montpellier,DF,2316.0,0.31989325676113367,0.8321256777271628,2023-24
Loïc Négo,Le Havre,DF,1583.0,1.3509439853951335,1.1667233724147081,2023-24
Arouna Sangante,Le Havre,DF,2698.0,0.6515988428145647,1.2633824171498418,2023-24
Josué Casimir,Le Havre,FW,2066.0,1.4895929899066687,4.364805613644421,2023-24
Rassoul Ndiaye,Le Havre,MF,508.0,0.11799005419015884,0.11345826648175716,2023-24
Issa Soumaré,Le Havre,FW,243.0,0.45729308016598225,0.7231943272054195,2023-24
Andy Logbo,Le Havre,FW,225.0,0.32186775654554367,0.10051199421286583,2023-24
Antoine Joujou,Le Havre,FW,722.0,1.2131121344864368,0.5873505733907223,2023-24
Étienne Youté,Le Havre,DF,1947.0,0.25208092853426933,0.12427375093102455,2023-24
Maxime Colin,Metz,DF,1835.0,0.23018073663115501,0.68876594863832,2023-24
Koffi Kouao,Metz,DF,868.0,0.23934027459472418,1.3542440719902515,2023-24
Benjamin Tetteh,Metz,FW,247.0,0.19910944253206253,0.06228236109018326,2023-24
Malick Mbaye,Metz,MF,144.0,0.5085585154592991,0.08028867654502392,2023-24
Jean N&#039;Guessan,Metz,MF,103.0,0.05946244299411774,0.0,2023-24
Aboubacar Lô,Metz,DF,191.0,0.049072057008743286,0.2920311689376831,2023-24
Sadibou Sané,Metz,DF,845.0,0.30414812825620174,0.008746094070374966,2023-24
Ângelo,Strasbourg,FW,1065.0,0.5878619709983468,3.147912744898349,2023-24
Clinton Mata,Lyon,DF,2223.0,0.6214882228523493,2.3802453950047493,2023-24
Ignacio Miramón,Lille,MF,39.0,0.028726566582918167,0.0,2023-24
Diego Moreira,Lyon,MF,269.0,0.9072051644325256,0.35414861142635345,2023-24
Mathis Lambourde,Rennes,MF,8.0,0.0,0.0,2023-24
Joseph N&#039;Duquidi,Metz,DF,744.0,0.16020814329385757,0.036074258387088776,2023-24
Joel Mvuka,Lorient,DF,189.0,0.029481088742613792,0.0,2023-24
Adson,Nantes,MF,220.0,0.2717675641179085,0.07938145659863949,2023-24
Bertug Yildirim,Rennes,FW,411.0,1.4484275393188,0.5712480749934912,2023-24
Aron Dønnum,Toulouse,FW,1628.0,1.2176911104470491,2.4736274564638734,2023-24
Aliou Balde,Nice,MF,58.0,0.11421811208128929,0.0,2023-24
Ethan Mbappé,Paris Saint Germain,MF,39.0,0.16309252381324768,0.0,2023-24
Óscar Estupiñán,Metz,FW,259.0,0.2691512666642666,0.009661574847996235,2023-24
Antonin Cartillier,Monaco,MF,6.0,0.0,0.0,2023-24
Noam Mayoka-Tika,Marseille,MF,1.0,0.0,0.0,2023-24
Yanis Issoufou,Montpellier,MF,9.0,0.0,0.0,2023-24
Steven Baseya,Strasbourg,MF,3.0,0.0,0.0,2023-24
Mahamadou Diawara,Lyon,MF,354.0,0.7673920597881079,0.1789290141314268,2023-24
Bassirou N&#039;Diaye,Lorient,MF,138.0,0.0,0.3115178346633911,2023-24
Mahamadou Nagida,Rennes,DF,104.0,0.16280477494001389,0.268251433968544,2023-24
Ayyoub Bouaddi,Lille,MF,117.0,0.0,0.01739376224577427,2023-24
Amadou Koné,Reims,MF,459.0,0.17078837379813194,0.35327933728694916,2023-24
Adama Bojang,Reims,MF,59.0,0.8690661787986755,0.05305251479148865,2023-24
Abdellah Baallal,Clermont Foot,MF,1.0,0.0,0.0,2023-24
Luc Zogbe,Brest,MF,7.0,0.0,0.0,2023-24
Saïmon Bouabré,Monaco,MF,40.0,0.0,0.0,2023-24
Daouda Traoré,Nice,MF,14.0,0.062119290232658386,0.0,2023-24
Mamadou Coulibaly,Monaco,MF,120.0,0.11748676002025604,0.021120427176356316,2023-24
Mohamed Bechikh,Strasbourg,MF,9.0,0.0,0.0,2023-24
Royce Openda,Lorient,MF,14.0,0.0,0.0,2023-24
Gino Caoki,Lorient,MF,5.0,0.0,0.0,2023-24
Hugo Boutsingkham,Nantes,MF,6.0,0.0,0.0,2023-24
Steve Ngoura,Le Havre,FW,193.0,0.6314274948090315,0.0766507238149643,2023-24
Adryelson,Lyon,MF,3.0,0.0,0.0,2023-24
Jhoanner Chávez,Lens,DF,486.0,0.5122348442673683,0.9299897663295269,2023-24
Senny Mayulu,Paris Saint Germain,FW,321.0,0.18894419446587563,0.4834381118416786,2023-24
Chaïm El Djebali,Lyon,MF,8.0,0.0,0.0,2023-24
Sofiane Sidi Ali,Marseille,MF,12.0,0.06802459806203842,0.0,2023-24
Lucas Michal,Monaco,MF,2.0,0.0,0.0,2023-24
Nathaniel Adjei,Lorient,DF,1243.0,0.3647497743368149,0.07138668745756149,2023-24
Mohamed-Amine Bouchenna,Clermont Foot,MF,20.0,0.038737524300813675,0.1028948426246643,2023-24
Adel Mahamoud,Nantes,MF,5.0,0.0,0.0,2023-24
Enzo Mongo,Nantes,MF,5.0,0.0,0.0,2023-24
Rabby Nzingoula,Strasbourg,MF,123.0,0.09534735232591629,0.1509222835302353,2023-24
Tiago Morais,Lille,MF,35.0,0.3163146376609802,0.0,2023-24
Andrej Ilic,Lille,MF,2.0,0.0,0.0,2023-24
Simon Ebonog,Le Havre,MF,14.0,0.0,0.0,2023-24
Djaoui Cissé,Rennes,MF,2.0,0.0,0.0,2023-24
Trévis Dago,Lille,MF,16.0,0.12940369546413422,0.23098595440387726,2023-24
Aboubacar Ali Abdallah,Strasbourg,FW,107.0,0.16119401156902313,0.2815385162830353,2023-24
Christ Mbondi,Reims,MF,1.0,0.0,0.0,2023-24
Ivan M&#039;Bahia,Clermont Foot,MF,7.0,0.0,0.014228228479623795,2023-24
Raimane Daou,Marseille,MF,22.0,0.0,0.0,2023-24
Keyliane Abdallah,Marseille,MF,1.0,0.0,0.0,2023-24
Ilhan Fakili,Clermont Foot,MF,93.0,0.11828725412487984,0.025857998058199883,2023-24
Abdoul Koné,Reims,DF,202.0,0.0,0.622617095708847,2023-24
Vignon Ouotro,Strasbourg,MF,3.0,0.0,0.0,2023-24
