Player,Squad,Pos,Min,Gls,Ast,xG,xA,npxG,xGChain,xGBuildup,Sh,KP,season
Erling Haaland,Manchester City,FW,2439.0,22.0,7.0,23.13693391531706,4.766327390447259,20.092258475720882,26.238575093448162,4.129314249381423,102.0,21.0,2025-26
Thiago,Brentford,FW,2482.0,18.0,1.0,19.269277423620224,3.0202538818120956,13.941095478832722,17.507677353918552,3.4387592002749443,67.0,17.0,2025-26
Antoine Semenyo,"Bournemouth,Manchester City",FW,2597.0,15.0,4.0,11.201724836602807,3.091043023392558,9.67938713915646,16.244873739778996,4.950852746143937,68.0,32.0,2025-26
João Pedro,Chelsea,FW,2265.0,14.0,5.0,14.05957169085741,3.730416428297758,14.05957169085741,17.369998771697283,4.640568170696497,61.0,27.0,2025-26
Viktor Gyokeres,Arsenal,FW,1927.0,11.0,0.0,9.996114503592253,2.0942770866677165,8.473776828497648,12.324206240475178,3.1395355220884085,43.0,16.0,2025-26
Hugo Ekitike,Liverpool,FW,1804.0,11.0,4.0,11.659978337585926,2.388741862028837,11.659978337585926,15.829283699393272,4.767495485022664,63.0,20.0,2025-26
Danny Welbeck,Brighton,FW,1744.0,10.0,0.0,9.321144238114357,1.2974549308419228,7.037637593224645,10.195406045764685,3.454270198009908,40.0,16.0,2025-26
Dominic Calvert-Lewin,Leeds,FW,1941.0,10.0,1.0,12.063183745369315,1.47741187363863,10.540846040472388,13.365608947351575,2.021199882030487,53.0,17.0,2025-26
Harry Wilson,Fulham,MF,2152.0,9.0,6.0,4.57005781494081,4.014644900336862,4.57005781494081,8.486977934837341,2.1877821926027536,58.0,28.0,2025-26
Bryan Mbeumo,Manchester United,FW,2093.0,9.0,3.0,9.548183772712946,4.239177297800779,9.548183772712946,16.348540268838406,4.478062420152128,57.0,36.0,2025-26
Bruno Guimarães,Newcastle United,MF,2022.0,9.0,4.0,5.774607993662357,3.1487869061529636,4.252270318567753,11.55058690533042,7.467195816338062,32.0,38.0,2025-26
Cole Palmer,Chelsea,FW,1377.0,9.0,1.0,8.346429117023945,1.7102928031235933,4.540585018694401,13.08452807366848,7.72322921641171,44.0,18.0,2025-26
Jarrod Bowen,West Ham,FW,2696.0,8.0,6.0,7.393051039427519,5.171158516779542,6.631882194429636,10.839188702404499,2.747356364503503,65.0,30.0,2025-26
Raúl Jiménez,Fulham,FW,1940.0,8.0,3.0,10.750260040163994,1.8267507925629616,8.466753512620926,9.817982278764248,1.251327358186245,61.0,22.0,2025-26
Jean-Philippe Mateta,Crystal Palace,FW,1938.0,8.0,0.0,12.90343551337719,1.1059113293886185,10.619928851723671,12.29112795367837,1.591218525543809,54.0,6.0,2025-26
Richarlison,Tottenham,FW,1301.0,8.0,3.0,5.921402600593865,2.2222675224766135,5.921402600593865,7.968784650787711,1.9664937313646078,39.0,14.0,2025-26
Morgan Gibbs-White,Nottingham Forest,FW,2508.0,8.0,2.0,8.334883481264114,3.089745642617345,7.573714643716812,12.363507192581892,3.91202799603343,63.0,43.0,2025-26
Ollie Watkins,Aston Villa,FW,2204.0,8.0,1.0,11.483465692028403,1.4026277679949999,11.483465692028403,14.067171584814787,3.154669270850718,57.0,15.0,2025-26
Enzo Fernández,Chelsea,MF,2519.0,8.0,3.0,10.236897332593799,7.247083641588688,8.714559635147452,24.91187722980976,14.866099286824465,57.0,49.0,2025-26
Eli Junior Kroupi,Bournemouth,FW,1148.0,8.0,0.0,5.136631781235337,1.6158881084993482,5.136631781235337,5.81201459467411,1.4511282667517662,32.0,19.0,2025-26
Benjamin Sesko,Manchester United,FW,1289.0,8.0,1.0,9.450103585608304,0.5251399390399456,9.450103585608304,10.901142291724682,1.4301269259303808,51.0,8.0,2025-26
Morgan Rogers,Aston Villa,FW,2600.0,8.0,5.0,4.913326134905219,5.570946145802736,4.913326134905219,11.613775355741382,3.9110246933996677,66.0,36.0,2025-26
Bruno Fernandes,Manchester United,MF,2272.0,7.0,14.0,9.78115815948695,11.881508886814117,5.975313878618181,17.960100623779,8.188381880521774,64.0,93.0,2025-26
Ismaila Sarr,Crystal Palace,FW,1652.0,7.0,1.0,8.347075961530209,1.8981870282441378,6.8247382417321205,9.243515774607658,2.352248603478074,34.0,14.0,2025-26
Phil Foden,Manchester City,FW,1821.0,7.0,3.0,6.085879135876894,4.706622212193906,6.085879135876894,18.12963211350143,10.555935440585017,51.0,43.0,2025-26
Nick Woltemade,Newcastle United,FW,1645.0,7.0,2.0,7.658320881426334,1.2546645868569613,6.897152043879032,6.506644735112786,2.028342917561531,30.0,12.0,2025-26
Kevin Schade,Brentford,FW,2088.0,7.0,3.0,9.688832169398665,4.065017273649573,8.927663331851363,14.964553851634264,3.882648851722479,44.0,25.0,2025-26
Jaidon Anthony,Burnley,FW,2062.0,7.0,1.0,4.160810277797282,2.8184639625251293,4.160810277797282,7.695330575108528,3.18041305616498,43.0,29.0,2025-26
Zian Flemming,Burnley,FW,1105.0,7.0,0.0,6.211816363967955,0.475591491907835,4.68947868514806,4.004360265098512,1.1235672254115343,34.0,6.0,2025-26
Casemiro,Manchester United,MF,2034.0,6.0,2.0,5.3398165591061115,2.4127955362200737,5.3398165591061115,10.807754296809435,7.1538231037557125,41.0,26.0,2025-26
Lukas Nmecha,Leeds,FW,758.0,6.0,1.0,6.451611816883087,0.8132571838796139,4.168105281889439,4.043499059975147,1.0531500801444054,21.0,5.0,2025-26
Matheus Cunha,Manchester United,FW,1896.0,6.0,2.0,4.983402883633971,2.397460673004389,4.983402883633971,12.559682786464691,6.717769170179963,68.0,23.0,2025-26
Bukayo Saka,Arsenal,FW,2010.0,6.0,3.0,8.220870432443917,6.403588719666004,7.4597015948966146,17.951708167791367,7.373335309326649,63.0,53.0,2025-26
Eberechi Eze,"Arsenal,Crystal Palace",FW,1524.0,6.0,2.0,3.8563079182058573,2.542106756940484,3.8563079182058573,9.141494762152433,3.6122574489563704,49.0,14.0,2025-26
Kiernan Dewsbury-Hall,Everton,MF,1930.0,6.0,3.0,3.040016245096922,4.931063819676638,3.040016245096922,9.461262099444866,5.63035374134779,29.0,26.0,2025-26
Cody Gakpo,Liverpool,FW,1982.0,6.0,3.0,7.535395007580519,5.564502587541938,7.535395007580519,14.601085171103477,4.713595332577825,64.0,41.0,2025-26
Thierno Barry,Everton,FW,1653.0,6.0,0.0,7.599746348336339,0.9004040528088808,7.599746348336339,9.064992675557733,2.1115467119961977,32.0,9.0,2025-26
Evanilson,Bournemouth,FW,2157.0,6.0,0.0,9.749965533614159,2.316022977232933,9.749965533614159,13.143251203000546,3.225430443882942,59.0,24.0,2025-26
Callum Wilson,West Ham,FW,1006.0,5.0,1.0,6.273417538031936,0.517014168202877,6.273417538031936,4.769984465092421,0.3199837375432253,32.0,7.0,2025-26
Mohamed Salah,Liverpool,FW,1806.0,5.0,6.0,7.080513298511505,5.435673952102661,6.319344460964203,12.970676392316818,4.4353780299425125,53.0,42.0,2025-26
Emiliano Buendía,Aston Villa,MF,1384.0,5.0,2.0,3.217120067216456,2.3505035117268562,3.217120067216456,6.383945677429438,2.1818810030817986,38.0,23.0,2025-26
Pedro Neto,Chelsea,FW,2167.0,5.0,4.0,4.777144946157932,7.050045987591147,4.777144946157932,16.444048397243023,7.714541547000408,39.0,44.0,2025-26
Harvey Barnes,Newcastle United,FW,1580.0,5.0,0.0,6.658115012571216,2.419358680024743,6.658115012571216,9.7039979044348,3.0203126091510057,49.0,17.0,2025-26
Martín Zubimendi,Arsenal,MF,2637.0,5.0,1.0,2.827678130939603,0.8698590472340584,2.827678130939603,12.41526322811842,10.448855912312865,26.0,16.0,2025-26
Leandro Trossard,Arsenal,FW,1707.0,5.0,5.0,5.790925524197519,3.5453566927462816,5.790925524197519,11.592767370864749,4.327562585473061,44.0,30.0,2025-26
Anthony Gordon,Newcastle United,FW,1724.0,5.0,2.0,8.197132747620344,3.6897311471402645,5.91362614557147,10.392717856913805,4.042658658698201,44.0,25.0,2025-26
Iliman Ndiaye,Everton,MF,2085.0,5.0,3.0,4.565044512972236,3.811655101366341,3.0427068155258894,11.59830367192626,5.130959146656096,29.0,23.0,2025-26
Crysencio Summerville,West Ham,FW,1890.0,5.0,1.0,4.631036996841431,2.202819134108722,4.631036996841431,8.295046374201775,2.6862583477050066,43.0,20.0,2025-26
Dango Ouattara,Brentford,FW,1647.0,5.0,2.0,6.123468678444624,3.306397460401058,6.123468678444624,7.871884463354945,1.339124166406691,35.0,16.0,2025-26
Brian Brobbey,Sunderland,FW,1277.0,5.0,1.0,3.0280406028032303,1.0295276809483767,3.0280406028032303,4.130484875291586,0.5465952903032303,21.0,8.0,2025-26
Marcus Tavernier,Bournemouth,MF,2064.0,5.0,4.0,6.536428769119084,3.820248521864414,5.014091067016125,11.906620223075151,5.988170884549618,56.0,33.0,2025-26
Tijjani Reijnders,Manchester City,MF,1500.0,5.0,2.0,4.472426678985357,3.0732941813766956,4.472426678985357,12.348645962774754,6.628960287198424,41.0,18.0,2025-26
Diego Gómez,Brighton,FW,1901.0,5.0,0.0,4.9675658494234085,1.4889474026858807,4.9675658494234085,11.012602597475052,5.571612753905356,32.0,19.0,2025-26
Alex Iwobi,Fulham,MF,2000.0,4.0,3.0,1.7119219740852714,3.2868192652240396,1.7119219740852714,8.213872151449323,5.075162149965763,27.0,35.0,2025-26
Mikel Merino,Arsenal,FW,977.0,4.0,3.0,4.551519326865673,2.2901399955153465,4.551519326865673,7.0440468192100525,3.1536439023911953,21.0,12.0,2025-26
Declan Rice,Arsenal,DF,2593.0,4.0,5.0,3.6364860106259584,7.149592153728008,3.6364860106259584,16.691935934126377,11.194164277985692,36.0,58.0,2025-26
Wilson Isidor,Sunderland,FW,1065.0,4.0,0.0,4.676430657505989,0.0,4.676430657505989,5.017655044794083,0.5651923306286335,38.0,0.0,2025-26
Cristian Romero,Tottenham,DF,1714.0,4.0,1.0,1.7972017470747232,1.6926744878292084,1.7972017470747232,5.518742011860013,3.812605606392026,15.0,10.0,2025-26
Lucas Paquetá,West Ham,FW,1544.0,4.0,1.0,2.440835335291922,3.011969303712249,0.9184976601973176,4.265645559877157,1.5286574847996235,23.0,23.0,2025-26
Tomas Soucek,West Ham,MF,1514.0,4.0,0.0,4.221384443342686,0.7478361316025257,4.221384443342686,5.746605269610882,3.4696182888001204,17.0,9.0,2025-26
Malick Thiaw,Newcastle United,DF,2304.0,4.0,0.0,5.050081560388207,0.8268706873059273,5.050081560388207,6.830900455825031,6.3274339241907,25.0,6.0,2025-26
Florian Wirtz,Liverpool,FW,1899.0,4.0,2.0,5.906989771872759,3.980567004531622,5.906989771872759,16.21584977582097,8.642282004468143,41.0,44.0,2025-26
Enzo Le Fée,Sunderland,FW,2320.0,4.0,4.0,4.35833235271275,2.462719484232366,1.3136937823146582,6.559950737282634,4.314346369355917,24.0,35.0,2025-26
Donyell Malen,Aston Villa,FW,600.0,4.0,1.0,4.73893653601408,0.36938193812966347,4.73893653601408,6.387579720467329,1.917095586657524,26.0,7.0,2025-26
Dominik Szoboszlai,Liverpool,DF,2426.0,4.0,3.0,3.6044218130409718,5.571791388094425,2.8432529605925083,15.770742565393448,11.383078400045633,51.0,56.0,2025-26
Anton Stach,Leeds,MF,1976.0,4.0,3.0,2.4967103749513626,5.482630979269743,2.4967103749513626,9.454313909634948,5.951755382120609,45.0,50.0,2025-26
Beto,Everton,FW,1100.0,4.0,0.0,7.206493429839611,0.6106509361416101,7.206493429839611,7.924833387136459,0.8341207131743431,29.0,6.0,2025-26
Micky van de Ven,Tottenham,DF,2370.0,4.0,1.0,2.423757927492261,0.9611182175576687,2.423757927492261,5.227067185565829,4.918129874393344,15.0,4.0,2025-26
Ryan Gravenberch,Liverpool,MF,2354.0,4.0,3.0,1.1117887115105987,2.10018627718091,1.1117887115105987,11.553215941414237,9.682438276708126,29.0,24.0,2025-26
Brenden Aaronson,Leeds,FW,1904.0,4.0,3.0,5.345193395391107,4.4042788706719875,5.345193395391107,11.462826183065772,2.523965936154127,37.0,24.0,2025-26
Jørgen Strand Larsen,"Crystal Palace,Wolverhampton Wanderers",FW,1830.0,4.0,1.0,5.339312080293894,0.5936462795361876,3.816974373534322,5.189182497560978,1.7784941419959068,32.0,9.0,2025-26
Nico O&#039;Reilly,Manchester City,DF,2131.0,4.0,3.0,4.614134319126606,2.8584181517362595,4.614134319126606,16.312320267781615,11.960787545889616,31.0,18.0,2025-26
Noah Okafor,Leeds,FW,1298.0,4.0,0.0,4.759005755186081,1.3100237771868706,4.759005755186081,8.000808700919151,2.69681229442358,26.0,13.0,2025-26
Virgil van Dijk,Liverpool,DF,2610.0,3.0,0.0,3.4012297224253416,0.2185664977878332,3.4012297224253416,9.469640091992915,8.538678822107613,22.0,9.0,2025-26
Michael Keane,Everton,DF,2045.0,3.0,0.0,3.3516049049794674,0.097673699259758,3.3516049049794674,4.1075334912166,3.10913806874305,21.0,1.0,2025-26
Dominic Solanke,Tottenham,FW,590.0,3.0,0.0,2.3151127472519875,0.20875263959169388,2.3151127472519875,2.349329650402069,0.6005332246422768,12.0,5.0,2025-26
Gabriel,Arsenal,DF,2167.0,3.0,4.0,3.203062755987048,2.645656555891037,3.203062755987048,6.624981854110956,6.11157613247633,18.0,6.0,2025-26
Jacob Murphy,Newcastle United,FW,1224.0,3.0,1.0,2.939023120328784,4.063673306256533,2.939023120328784,7.174959432333708,2.2383793741464615,37.0,18.0,2025-26
Callum Hudson-Odoi,Nottingham Forest,MF,1645.0,3.0,2.0,2.802096726372838,3.252285764552653,2.802096726372838,10.133163780905306,4.982683036476374,28.0,37.0,2025-26
Trevoh Chalobah,Chelsea,DF,2560.0,3.0,0.0,1.7106420220807195,0.6142567321658134,1.7106420220807195,14.368090137839317,14.236417107284069,14.0,4.0,2025-26
Samuel Chukwueze,Fulham,MF,725.0,3.0,4.0,1.5521398168057203,2.5674110017716885,1.5521398168057203,5.226646088063717,1.9155652141198516,18.0,18.0,2025-26
Emile Smith-Rowe,Fulham,MF,1445.0,3.0,0.0,3.566971182823181,1.1392071228474379,3.566971182823181,6.755793187767267,3.2418158538639545,28.0,14.0,2025-26
Lyle Foster,Burnley,FW,1237.0,3.0,1.0,3.4110175780951977,0.8452617973089218,3.4110175780951977,4.611892415210605,1.1500992681831121,18.0,9.0,2025-26
John McGinn,Aston Villa,MF,1663.0,3.0,2.0,2.3858819976449013,1.9973520254716277,2.3858819976449013,5.81129614263773,2.51037806738168,18.0,22.0,2025-26
Mason Mount,Manchester United,MF,827.0,3.0,0.0,1.7134401425719261,1.3764615170657635,1.7134401425719261,4.889510989189148,2.9160353913903236,18.0,14.0,2025-26
Mathis Cherki,Manchester City,FW,1315.0,3.0,8.0,2.4447586461901665,7.728221256285906,2.4447586461901665,14.934860616922379,8.780104206874967,33.0,42.0,2025-26
Amine Adli,Bournemouth,MF,927.0,3.0,1.0,3.4929690062999725,1.238987473770976,3.4929690062999725,5.907057272270322,2.061446040868759,19.0,16.0,2025-26
Mikkel Damsgaard,Brentford,MF,1524.0,3.0,4.0,1.925893358886242,5.239979084581137,1.925893358886242,8.601198509335518,4.63405149243772,20.0,32.0,2025-26
Matthew Cash,Aston Villa,DF,2376.0,3.0,2.0,1.1092024743556976,2.835349707864225,1.1092024743556976,7.182766109704971,5.229100275784731,25.0,25.0,2025-26
Chimuanya Ugochukwu,Burnley,MF,1944.0,3.0,1.0,2.4567793495953083,0.399788212031126,2.4567793495953083,6.33728463947773,4.194899432361126,19.0,8.0,2025-26
Moisés Caicedo,Chelsea,MF,2110.0,3.0,1.0,1.2985489182174206,2.0660120770335197,1.2985489182174206,14.838181534782052,13.165507795289159,20.0,13.0,2025-26
Mathys Tel,Tottenham,FW,740.0,3.0,0.0,2.0386966820806265,0.7105592433363199,2.0386966820806265,3.5969702061265707,1.3286948539316654,24.0,14.0,2025-26
João Palhinha,Tottenham,DF,1775.0,3.0,2.0,1.4433689191937447,0.6405610861256719,1.4433689191937447,3.7056614281609654,2.5056635849177837,23.0,6.0,2025-26
Jan Paul van Hecke,Brighton,DF,2494.0,3.0,2.0,2.5997174801304936,0.8352001160383224,2.5997174801304936,11.69169157743454,11.044753234833479,18.0,9.0,2025-26
Keane Lewis-Potter,Brentford,FW,1139.0,3.0,1.0,1.949206368997693,1.441189806908369,1.949206368997693,3.9033021833747625,0.961608836427331,19.0,11.0,2025-26
Yasin Ayari,Brighton,MF,1712.0,3.0,2.0,1.9381146244704723,0.9990442283451557,1.9381146244704723,7.1067189052701,5.138047395274043,39.0,12.0,2025-26
Jurriën Timber,Arsenal,DF,2475.0,3.0,5.0,4.030840836465359,2.5891424333676696,4.030840836465359,11.438589019700885,8.65939543582499,25.0,28.0,2025-26
Patrick Dorgu,Manchester United,DF,1327.0,3.0,3.0,2.0813217908143997,2.645839985460043,2.0813217908143997,5.760951640084386,1.712141117081046,20.0,24.0,2025-26
Daniel Muñoz,Crystal Palace,DF,1786.0,3.0,2.0,2.1168669052422047,3.8416613414883614,2.1168669052422047,7.767154305242002,2.890629746951163,18.0,20.0,2025-26
Rodrigo Gomes,Wolverhampton Wanderers,FW,585.0,3.0,0.0,1.7572994995862246,0.15131350979208946,1.7572994995862246,2.3278657738119364,0.46481684409081936,15.0,3.0,2025-26
Mateus Fernandes,West Ham,MF,2327.0,3.0,3.0,1.0514070615172386,2.4589064326137304,1.0514070615172386,6.497131893411279,4.099555928260088,21.0,28.0,2025-26
Chemsdine Talbi,Sunderland,FW,1240.0,3.0,1.0,1.4551850529387593,0.5264756064862013,1.4551850529387593,2.252407679334283,0.5078275054693222,18.0,11.0,2025-26
Joelinton,Newcastle United,MF,1601.0,2.0,1.0,1.8881868356838822,1.7916766311973333,1.8881868356838822,7.92791498824954,5.51968009211123,27.0,15.0,2025-26
Idrissa Gueye,Everton,MF,1774.0,2.0,1.0,1.7250418290495872,1.020302813500166,1.7250418290495872,6.908351792953908,5.378616952337325,26.0,11.0,2025-26
Jack Grealish,Everton,FW,1645.0,2.0,6.0,3.084938551299274,4.558330744504929,3.084938551299274,9.290637398138642,3.2924681939184666,26.0,38.0,2025-26
Josh Cullen,Burnley,MF,1533.0,2.0,2.0,1.0142266415059566,1.8168634045869112,1.0142266415059566,6.162752605974674,4.625554047524929,11.0,13.0,2025-26
Federico Chiesa,Liverpool,MF,204.0,2.0,1.0,1.4821802712976933,1.321059763431549,1.4821802712976933,3.4074549041688442,0.6860316321253777,14.0,2.0,2025-26
Bernardo Silva,Manchester City,MF,2277.0,2.0,4.0,1.9010734483599663,4.615839725360274,1.9010734483599663,19.311311285942793,14.704684436321259,17.0,35.0,2025-26
Chris Wood,Nottingham Forest,FW,560.0,2.0,0.0,2.0672987550497055,0.17429565265774727,2.0672987550497055,2.1495288610458374,0.16340264305472374,16.0,3.0,2025-26
Alexander Isak,Liverpool,FW,519.0,2.0,1.0,2.7675887029618025,0.8461103290319443,2.7675887029618025,3.7432759013026953,0.9481621384620667,15.0,2.0,2025-26
Gabriel Jesus,Arsenal,FW,283.0,2.0,0.0,2.5946019776165485,0.08349096029996872,2.5946019776165485,2.3332987390458584,0.6240958645939827,14.0,1.0,2025-26
Ibrahim Sangare,Nottingham Forest,MF,1614.0,2.0,2.0,1.5703946938738227,1.2396442871540785,1.5703946938738227,5.014841312542558,3.042841177433729,16.0,8.0,2025-26
Joe Rodon,Leeds,DF,2370.0,2.0,0.0,1.540682628750801,0.2685265392065048,1.540682628750801,5.492673324421048,5.242659466341138,15.0,4.0,2025-26
Eddie Nketiah,Crystal Palace,MF,396.0,2.0,0.0,1.942964792251587,0.9605132089927793,1.942964792251587,2.89599169138819,0.14879368524998426,15.0,7.0,2025-26
Ryan Sessegnon,Fulham,DF,1619.0,2.0,1.0,1.4290872383862734,2.163218889385462,1.4290872383862734,6.700102489441633,4.195320911705494,13.0,12.0,2025-26
Georginio Rutter,Brighton,FW,1621.0,2.0,2.0,2.453262004069984,3.4466031827032566,2.453262004069984,8.871944658458233,3.859835660085082,35.0,21.0,2025-26
Justin Kluivert,Bournemouth,MF,909.0,2.0,0.0,2.203129260800779,2.294822184368968,2.203129260800779,5.1779105216264725,2.274018134921789,16.0,22.0,2025-26
Mathias Jensen,Brentford,MF,1475.0,2.0,1.0,1.3094573188573122,3.7295018080621958,1.3094573188573122,6.669712861999869,3.755356479436159,22.0,20.0,2025-26
Tyler Adams,Bournemouth,MF,1447.0,2.0,1.0,0.8387879431247711,0.10206836462020874,0.8387879431247711,4.412377405911684,4.23015221580863,8.0,3.0,2025-26
James Garner,Everton,DF,2697.0,2.0,5.0,1.9049460906535387,5.20110890455544,1.9049460906535387,8.191345730796456,5.841149614192545,40.0,43.0,2025-26
Marc Guehi,"Crystal Palace,Manchester City",DF,2520.0,2.0,2.0,4.218181984499097,2.5567170777358115,4.218181984499097,12.245183209888637,10.118583585135639,27.0,14.0,2025-26
Joshua Zirkzee,Manchester United,FW,482.0,2.0,1.0,3.4082061797380447,1.168784772977233,3.4082061797380447,5.993388883769512,2.3713151291012764,21.0,10.0,2025-26
Reece James,Chelsea,DF,1867.0,2.0,4.0,1.2105660028755665,3.9933422207832336,1.2105660028755665,11.44637494161725,9.686947334557772,21.0,27.0,2025-26
Amad Diallo Traore,Manchester United,DF,1740.0,2.0,2.0,4.558089273050427,4.054526809602976,4.558089273050427,13.459777554497123,6.492470625787973,39.0,35.0,2025-26
Alexis Mac Allister,Liverpool,MF,2029.0,2.0,2.0,3.3513216068968177,1.6687649516388774,3.3513216068968177,10.467505918815732,6.886993400752544,41.0,21.0,2025-26
Hee-Chan Hwang,Wolverhampton Wanderers,FW,1175.0,2.0,1.0,2.4406477455049753,1.046207521110773,1.679478907957673,3.593897730112076,1.1083498634397984,15.0,10.0,2025-26
Tolu Arokodare,Wolverhampton Wanderers,FW,1193.0,2.0,1.0,5.130414433777332,1.1045170426368713,4.36924559623003,3.5237545408308506,1.0024887146428227,36.0,10.0,2025-26
Jacob Ramsey,Newcastle United,MF,966.0,2.0,1.0,1.0383494710549712,0.7781991474330425,1.0383494710549712,3.9826730024069548,3.3065467327833176,12.0,15.0,2025-26
Rúben Dias,Manchester City,DF,2052.0,2.0,0.0,0.43706189282238483,0.40935616102069616,0.43706189282238483,14.39133687876165,13.95382341183722,10.0,6.0,2025-26
Malo Gusto,Chelsea,DF,1725.0,2.0,3.0,1.8716575969010592,2.8790541905909777,1.8716575969010592,13.535359255969524,10.948103312402964,11.0,18.0,2025-26
Pape Sarr,Tottenham,MF,1110.0,2.0,3.0,1.8380955327302217,1.3346282206475735,1.8380955327302217,5.330255221575499,4.2612388506531715,13.0,6.0,2025-26
Yeremi Pino,Crystal Palace,FW,1760.0,2.0,1.0,3.986956901848316,5.981142683885992,3.986956901848316,11.59422844927758,3.9428930561989546,37.0,38.0,2025-26
Elliot Anderson,Nottingham Forest,MF,2600.0,2.0,2.0,2.4178320532664657,2.8457184741273522,1.6566632157191634,11.158043097704649,8.441627332940698,35.0,43.0,2025-26
William Osula,Newcastle United,FW,215.0,2.0,0.0,0.8723433278501034,0.060651179403066635,0.8723433278501034,0.66515988484025,0.1278870292007923,8.0,1.0,2025-26
Amadou Onana,Aston Villa,MF,1419.0,2.0,0.0,1.8126329593360424,0.35743536055088043,1.8126329593360424,4.05248430930078,3.153553245589137,12.0,3.0,2025-26
Habib Diarra,Sunderland,MF,1029.0,2.0,0.0,2.11492963694036,0.15947006829082966,1.3537607993930578,2.1435571927577257,0.7199767213314772,16.0,2.0,2025-26
Josko Gvardiol,Manchester City,DF,1307.0,2.0,2.0,1.818312879651785,0.43760474771261215,1.818312879651785,10.002344310283661,9.454283580183983,16.0,4.0,2025-26
Archie Gray,Tottenham,DF,1223.0,2.0,2.0,1.44215187150985,1.5382179077714682,1.44215187150985,2.824602928943932,1.6684331679716706,8.0,6.0,2025-26
Brennan Johnson,"Crystal Palace,Tottenham",FW,1125.0,2.0,1.0,1.9236340373754501,0.9084314703941345,1.9236340373754501,3.7469134647399187,1.1817792858928442,16.0,12.0,2025-26
Kaoru Mitoma,Brighton,FW,1415.0,2.0,1.0,3.291976537555456,3.0475502870976925,3.291976537555456,8.542844533920288,3.5062385676428676,22.0,26.0,2025-26
Santiago Bueno,Wolverhampton Wanderers,DF,1829.0,2.0,1.0,0.941756222397089,0.30292672477662563,0.941756222397089,3.1845091842114925,2.873971384949982,5.0,7.0,2025-26
Valentín Castellanos,West Ham,FW,837.0,2.0,0.0,3.449847921729088,0.5715610533952713,3.449847921729088,3.6644083131104708,0.9668757449835539,21.0,9.0,2025-26
Mohammed Kudus,Tottenham,FW,1577.0,2.0,5.0,2.362326920963824,2.574139247648418,2.362326920963824,4.9626108556985855,1.4065115749835968,26.0,21.0,2025-26
Alex Scott,Bournemouth,MF,2285.0,2.0,1.0,2.9855053555220366,1.7566952286288142,2.9855053555220366,10.840667635202408,7.252899214625359,37.0,17.0,2025-26
Ladislav Krejcí,Wolverhampton Wanderers,DF,1961.0,2.0,1.0,1.399999689310789,0.7987983375787735,1.399999689310789,3.452746171504259,1.95310303196311,14.0,7.0,2025-26
Yankuba Minteh,Brighton,MF,1766.0,2.0,4.0,3.1112191695719957,4.392709970474243,3.1112191695719957,11.08627430908382,5.486682424321771,34.0,33.0,2025-26
Nicolò Savona,Nottingham Forest,DF,1036.0,2.0,0.0,1.2354809269309044,0.5944582391530275,1.2354809269309044,3.0064694937318563,1.5372497662901878,5.0,6.0,2025-26
Mateus Mané,Wolverhampton Wanderers,MF,1226.0,2.0,1.0,1.305744158104062,1.1776886712759733,1.305744158104062,2.6072516702115536,1.1610879823565483,28.0,13.0,2025-26
Maxim De Cuyper,Brighton,DF,1157.0,2.0,0.0,1.5899631939828396,2.4678443111479282,1.5899631939828396,4.476359833031893,2.812046557664871,11.0,19.0,2025-26
Dan Ballard,Sunderland,DF,2005.0,2.0,0.0,3.643686879426241,1.5805855486541986,3.643686879426241,4.5853202026337385,2.441676042973995,24.0,14.0,2025-26
Eliezer Mayenda,Sunderland,FW,738.0,2.0,0.0,2.0108928252011538,0.7425303682684898,2.0108928252011538,2.4835963249206543,0.48824033699929714,13.0,4.0,2025-26
Estêvão,Chelsea,FW,753.0,2.0,2.0,3.7614425346255302,2.7679440770298243,3.7614425346255302,9.106667935848236,3.582291418686509,26.0,15.0,2025-26
Igor Jesus,Nottingham Forest,FW,1718.0,2.0,3.0,4.5825654631480575,1.81343262642622,4.5825654631480575,6.559770906344056,1.369366891682148,52.0,9.0,2025-26
Ao Tanaka,Leeds,MF,753.0,2.0,0.0,1.0707658715546131,0.8854008875787258,1.0707658715546131,4.683371929451823,3.3302051573991776,11.0,8.0,2025-26
Charalampos Kostoulas,Brighton,FW,264.0,2.0,1.0,1.8748089708387852,0.6786143630743027,1.8748089708387852,2.4863460958004,0.343852112069726,15.0,6.0,2025-26
Rayan,Bournemouth,MF,545.0,2.0,1.0,1.106078453361988,1.1611870508641005,1.106078453361988,2.9645795952528715,1.446861794218421,12.0,9.0,2025-26
Granit Xhaka,Sunderland,MF,2176.0,1.0,5.0,0.46244713570922613,3.0727553348988295,0.46244713570922613,5.996486191637814,4.77432849816978,12.0,27.0,2025-26
Pascal Groß,Brighton,MF,915.0,1.0,1.0,0.7374143861234188,1.5317020360380411,0.7374143861234188,4.446192305535078,3.490435626357794,11.0,19.0,2025-26
James Milner,Brighton,MF,630.0,1.0,1.0,0.920978294685483,0.5441477969288826,0.15980945713818073,2.577611707150936,2.3918328285217285,6.0,7.0,2025-26
Ross Barkley,Aston Villa,MF,199.0,1.0,0.0,0.4282311946153641,0.8096214346587658,0.4282311946153641,1.3796904161572456,0.7401537336409092,8.0,6.0,2025-26
Jordan Henderson,Brentford,MF,1660.0,1.0,3.0,0.5513727776706219,3.006186317652464,0.5513727776706219,6.843007743358612,4.184807598590851,6.0,17.0,2025-26
Ben Davies,Tottenham,DF,137.0,1.0,0.0,0.7982581853866577,0.024737762287259102,0.7982581853866577,0.024737762287259102,0.024737762287259102,2.0,1.0,2025-26
Bertrand Traoré,Sunderland,FW,675.0,1.0,0.0,0.6248076185584068,0.9887753147631884,0.6248076185584068,2.016919732093811,1.2301255529746413,12.0,8.0,2025-26
Tammy Abraham,Aston Villa,FW,145.0,1.0,0.0,1.029679886996746,0.1292063184082508,1.029679886996746,1.0280331522226334,0.0,6.0,3.0,2025-26
Kyle Walker-Peters,West Ham,DF,937.0,1.0,0.0,1.1882447563111782,0.22901761904358864,1.1882447563111782,3.0865802317857742,1.9071616008877754,5.0,5.0,2025-26
Harrison Reed,Fulham,MF,11.0,1.0,0.0,0.02200053632259369,0.0,0.02200053632259369,0.10458005964756012,0.08257952332496643,1.0,0.0,2025-26
Axel Tuanzebe,Burnley,DF,939.0,1.0,0.0,0.5582677125930786,0.0,0.5582677125930786,2.4150575436651707,1.856789831072092,2.0,0.0,2025-26
Sasa Lukic,Fulham,MF,1215.0,1.0,2.0,1.9415023736655712,1.4616979472339153,1.9415023736655712,4.806786088272929,2.261820299550891,12.0,22.0,2025-26
James Tarkowski,Everton,DF,2610.0,1.0,1.0,2.160161018371582,1.3793210610747337,2.160161018371582,4.570215324871242,3.9876691279932857,13.0,14.0,2025-26
Harry Maguire,Manchester United,DF,1047.0,1.0,1.0,0.9206833504140377,0.19499868154525757,0.9206833504140377,3.1548191606998444,3.1548191606998444,9.0,1.0,2025-26
Rodri,Manchester City,MF,1231.0,1.0,0.0,0.9211645582690835,2.2365365587174892,0.9211645582690835,9.849310882389545,8.674772456288338,12.0,24.0,2025-26
Martin Odegaard,Arsenal,MF,1057.0,1.0,5.0,1.0983065199106932,3.974275888875127,1.0983065199106932,9.711462166160345,6.450560929253697,20.0,29.0,2025-26
Nordi Mukiele,Sunderland,DF,2167.0,1.0,3.0,1.787856967188418,2.514418549835682,1.787856967188418,6.874417394399643,5.0160887613892555,16.0,19.0,2025-26
Randal Kolo Muani,Tottenham,FW,1229.0,1.0,0.0,2.0544045716524124,0.8660596832633018,2.0544045716524124,2.7327149976044893,0.6457132212817669,14.0,15.0,2025-26
Yoane Wissa,Newcastle United,FW,413.0,1.0,0.0,2.4206629674881697,0.13480328023433685,2.4206629674881697,3.44701724126935,1.2510587573051453,11.0,2.0,2025-26
Boubacar Kamara,Aston Villa,MF,1434.0,1.0,3.0,1.0521572744473815,0.7290232917293906,1.0521572744473815,5.69795267097652,4.270241666585207,7.0,15.0,2025-26
Kenny Tete,Fulham,DF,1715.0,1.0,0.0,0.728774206712842,0.9490535911172628,0.728774206712842,3.9443747084587812,3.1575920060276985,16.0,11.0,2025-26
Rodrigo Bentancur,Tottenham,MF,1440.0,1.0,1.0,0.7332391375675797,0.7604504339396954,0.7332391375675797,3.4116876386106014,3.0354520082473755,9.0,9.0,2025-26
Douglas Luiz,"Aston Villa,Nottingham Forest",MF,800.0,1.0,0.0,0.6563441567122936,1.3754995642229915,0.6563441567122936,3.4468242190778255,2.2330237478017807,10.0,17.0,2025-26
Enes Ünal,Bournemouth,MF,132.0,1.0,0.0,2.137615170329809,0.0,2.137615170329809,2.2813015058636665,0.39032360538840294,12.0,0.0,2025-26
Ibrahima Konaté,Liverpool,DF,2433.0,1.0,0.0,1.843844497576356,0.6984626250341535,1.843844497576356,8.452264718711376,8.133840821683407,10.0,7.0,2025-26
Ethan Ampadu,Leeds,MF,2320.0,1.0,1.0,1.4155464097857475,0.9531614473089576,1.4155464097857475,9.930535932071507,9.152242358773947,18.0,15.0,2025-26
Konstantinos Mavropanos,West Ham,DF,1798.0,1.0,0.0,1.643918661866337,0.05594972148537636,1.643918661866337,2.830861806869507,2.7749120891094208,16.0,1.0,2025-26
Jaka Bijol,Leeds,DF,1128.0,1.0,1.0,0.5177812986075878,0.7845794856548309,0.5177812986075878,4.2257021348923445,3.356810176745057,10.0,3.0,2025-26
David Brooks,Bournemouth,MF,1043.0,1.0,2.0,5.507065333425999,3.6183048114180565,5.507065333425999,9.978874806314707,1.9773428030312061,42.0,22.0,2025-26
Tom Cairney,Fulham,MF,524.0,1.0,0.0,0.6234453469514847,0.22309456020593643,0.6234453469514847,2.548783652484417,1.9775266237556934,12.0,5.0,2025-26
William Saliba,Arsenal,DF,2069.0,1.0,0.0,1.5777585953474045,0.42558081075549126,1.5777585953474045,9.75702147372067,9.24163642525673,5.0,7.0,2025-26
Sean Longstaff,Leeds,MF,944.0,1.0,2.0,0.6963180564343929,2.4830981642007828,0.6963180564343929,2.797569300979376,1.7294726222753525,13.0,22.0,2025-26
Marc Cucurella,Chelsea,DF,1994.0,1.0,3.0,1.3303389567881823,3.7117608096450567,1.3303389567881823,13.093260757625103,11.097881868481636,15.0,30.0,2025-26
Diogo Dalot,Manchester United,DF,2056.0,1.0,3.0,1.5596101135015488,2.8887234097346663,1.5596101135015488,10.020020369440317,7.847220888361335,18.0,25.0,2025-26
Gabriel Martinelli,Arsenal,FW,801.0,1.0,3.0,4.059760354459286,1.8745346069335938,4.059760354459286,7.301747716963291,2.5811022389680147,25.0,9.0,2025-26
James Justin,Leeds,DF,1085.0,1.0,1.0,1.145538710989058,1.5883157588541508,1.145538710989058,2.5216794200241566,0.9641657322645187,13.0,8.0,2025-26
Jean-Ricner Bellegarde,Wolverhampton Wanderers,FW,1030.0,1.0,0.0,0.857077888213098,0.7375384941697121,0.857077888213098,4.093862370587885,2.886320129968226,20.0,9.0,2025-26
Taiwo Awoniyi,Nottingham Forest,FW,192.0,1.0,0.0,1.6753642410039902,0.7374996244907379,1.6753642410039902,1.4543474167585373,0.05236778035759926,7.0,3.0,2025-26
Matthijs de Ligt,Manchester United,DF,1170.0,1.0,0.0,1.3233719654381275,0.4281761646270752,1.3233719654381275,2.8319015204906464,2.3887862116098404,11.0,3.0,2025-26
Marshall Munetsi,Wolverhampton Wanderers,FW,863.0,1.0,1.0,1.8389983009546995,0.38085445016622543,1.8389983009546995,3.0971702244132757,1.0005560396239161,14.0,3.0,2025-26
Evann Guessand,"Aston Villa,Crystal Palace",MF,804.0,1.0,2.0,1.7833428084850311,1.2377337515354156,1.7833428084850311,3.6505997143685818,1.244725327938795,10.0,5.0,2025-26
Riccardo Calafiori,Arsenal,DF,1493.0,1.0,2.0,2.6441258005797863,0.44628622755408287,2.6441258005797863,7.083466991782188,5.854706117883325,28.0,5.0,2025-26
Neco Williams,Nottingham Forest,DF,2442.0,1.0,1.0,1.3048991728574038,3.1603912534192204,1.3048991728574038,7.601252535358071,5.304671870544553,31.0,26.0,2025-26
Tyrick Mitchell,Crystal Palace,DF,2587.0,1.0,1.0,1.3404496610164642,2.0605312287807465,1.3404496610164642,8.873305830173194,6.427675002254546,13.0,22.0,2025-26
Nicolás Domínguez,Nottingham Forest,MF,915.0,1.0,0.0,0.7124216975644231,0.7514081094413996,0.7124216975644231,3.362470768392086,2.2724769935011864,15.0,9.0,2025-26
Armando Broja,Burnley,FW,796.0,1.0,1.0,2.5165178887546062,0.5188675355166197,2.5165178887546062,2.59495497494936,1.0258077569305897,16.0,4.0,2025-26
Omar Marmoush,Manchester City,FW,573.0,1.0,3.0,2.8558646515011787,1.474619597196579,2.8558646515011787,4.418599750846624,0.45748411677777767,24.0,11.0,2025-26
Chris Richards,Crystal Palace,DF,2244.0,1.0,0.0,0.9075306672602892,0.35734105203300714,0.9075306672602892,5.164213485084474,4.931256462819874,9.0,7.0,2025-26
Jarrad Branthwaite,Everton,DF,493.0,1.0,0.0,0.28577089309692383,0.09261962957680225,0.28577089309692383,0.9831049181520939,0.8464303687214851,5.0,2.0,2025-26
Sven Botman,Newcastle United,DF,1156.0,1.0,0.0,1.0884297844022512,0.5999382883310318,1.0884297844022512,2.7991839293390512,2.682543694972992,8.0,3.0,2025-26
Dan Ndoye,Nottingham Forest,FW,1135.0,1.0,1.0,1.1724078450351954,1.552884567528963,1.1724078450351954,3.9708848744630814,1.7598291002213955,15.0,14.0,2025-26
Xavi Simons,Tottenham,FW,1557.0,1.0,4.0,1.6475392654538155,4.216296252794564,1.6475392654538155,7.924568371847272,4.31469205301255,33.0,30.0,2025-26
Joël Veltman,Brighton,DF,815.0,1.0,0.0,0.9520808160305023,0.252019003033638,0.9520808160305023,2.436355007812381,2.2945651542395353,3.0,4.0,2025-26
Maxence Lacroix,Crystal Palace,DF,2399.0,1.0,2.0,2.524975959211588,1.2082335203886032,2.524975959211588,8.797521974891424,8.118317051790655,17.0,5.0,2025-26
Liam Delap,Chelsea,FW,755.0,1.0,0.0,4.660645255818963,0.09999062120914459,4.660645255818963,6.821930317208171,3.145372685045004,31.0,2.0,2025-26
Jéremy Doku,Manchester City,FW,1227.0,1.0,4.0,2.712628179229796,5.545891216024756,2.712628179229796,12.90062559954822,6.44690250698477,22.0,42.0,2025-26
Omar Alderete,Sunderland,DF,2271.0,1.0,1.0,1.3196902442723513,0.5747162271291018,1.3196902442723513,3.6471350267529488,2.9456055015325546,19.0,8.0,2025-26
Jayden Bogle,Leeds,DF,2297.0,1.0,1.0,1.8243333054706454,1.9782375246286392,1.8243333054706454,9.154735306277871,6.115323407575488,15.0,13.0,2025-26
Fabio Carvalho,Brentford,MF,97.0,1.0,0.0,0.6895682029426098,0.0,0.6895682029426098,0.6895682029426098,0.0,2.0,0.0,2025-26
Hannibal Mejbri,Burnley,MF,979.0,1.0,3.0,0.4494898612610996,1.9867054745554924,0.4494898612610996,3.7792676584795117,2.3390099704265594,14.0,14.0,2025-26
Vitaly Janelt,Brentford,MF,1237.0,1.0,4.0,0.7498585553839803,3.589389992877841,0.7498585553839803,5.500424522906542,2.943715939298272,12.0,19.0,2025-26
Nathan Collins,Brentford,DF,2156.0,1.0,2.0,2.3358377683907747,1.807285774499178,2.3358377683907747,5.982942899689078,5.240800973027945,13.0,7.0,2025-26
Nico González,Manchester City,MF,1385.0,1.0,0.0,0.5000531869009137,0.7464621812105179,0.5000531869009137,13.562091901898384,13.081854162737727,12.0,8.0,2025-26
Piero Hincapié,Arsenal,DF,1500.0,1.0,2.0,0.39727197121828794,2.0693008974194527,0.39727197121828794,7.1808599308133125,5.599865674972534,2.0,12.0,2025-26
Loum Tchaouna,Burnley,FW,840.0,1.0,0.0,0.8988146763294935,0.45852480083703995,0.8988146763294935,2.6252362951636314,1.4869662057608366,15.0,5.0,2025-26
Hugo Bueno,Wolverhampton Wanderers,DF,1855.0,1.0,1.0,0.6378538571298122,2.56738471519202,0.6378538571298122,4.379309091717005,2.506812259554863,10.0,29.0,2025-26
Lewis Hall,Newcastle United,DF,1648.0,1.0,1.0,0.964859563857317,1.8450618758797646,0.964859563857317,7.280668837018311,6.449936819262803,19.0,17.0,2025-26
Omari Hutchinson,Nottingham Forest,MF,1134.0,1.0,3.0,1.9671505112200975,3.4807796888053417,1.9671505112200975,7.228143101558089,3.295326979830861,21.0,24.0,2025-26
Alejandro Garnacho,Chelsea,FW,1102.0,1.0,4.0,3.784420285373926,4.106879755854607,3.784420285373926,11.557910893112421,5.510755829513073,28.0,26.0,2025-26
Rodrigo Muniz,Fulham,FW,466.0,1.0,1.0,2.0711432956159115,0.5490759136155248,2.0711432956159115,2.368203319609165,1.074859045445919,16.0,5.0,2025-26
Ryan Christie,Bournemouth,MF,598.0,1.0,0.0,1.480496421456337,0.995121706277132,1.480496421456337,5.301441414281726,3.043746156617999,18.0,8.0,2025-26
Soungoutou Magassa,West Ham,MF,968.0,1.0,0.0,0.6193040320649743,0.7463846588507295,0.6193040320649743,2.4097342267632484,1.522645689547062,7.0,5.0,2025-26
Matheus Nunes,Manchester City,DF,2267.0,1.0,4.0,0.6754733501002192,2.3404364120215178,0.6754733501002192,17.679684653878212,16.48322866857052,7.0,20.0,2025-26
Jack Hinshelwood,Brighton,DF,1097.0,1.0,2.0,1.8077830709517002,1.0008504996076226,1.8077830709517002,5.351011477410793,3.194510504603386,22.0,10.0,2025-26
Brajan Gruda,Brighton,MF,716.0,1.0,1.0,1.772459496743977,1.2154594017192721,1.772459496743977,5.479941666126251,2.844237370416522,16.0,16.0,2025-26
Noni Madueke,Arsenal,FW,925.0,1.0,1.0,1.7552637532353401,2.5768766067922115,1.7552637532353401,5.190278019756079,2.911966398358345,19.0,17.0,2025-26
João Gomes,Wolverhampton Wanderers,MF,2219.0,1.0,0.0,1.1228179344907403,0.8508366737514734,1.1228179344907403,4.990060526877642,3.88395569473505,15.0,13.0,2025-26
Lewis Miley,Newcastle United,DF,1110.0,1.0,3.0,1.3760087750852108,1.7092238739132881,1.3760087750852108,5.252447476610541,4.736966289579868,12.0,14.0,2025-26
Milos Kerkez,Liverpool,DF,1976.0,1.0,1.0,0.9479845771566033,1.747715525329113,0.9479845771566033,8.197933798655868,6.061527341604233,7.0,24.0,2025-26
Simon Adingra,Sunderland,FW,665.0,1.0,0.0,0.33560439944267273,0.7323711905628443,0.33560439944267273,1.9754448235034943,1.0532179661095142,6.0,7.0,2025-26
Calvin Bassey,Fulham,DF,1713.0,1.0,0.0,1.1276503782719374,0.24030601978302002,1.1276503782719374,4.237940739840269,4.153162434697151,9.0,6.0,2025-26
Yehor Yarmolyuk,Brentford,MF,2039.0,1.0,2.0,1.3501612106338143,1.1806709887459874,1.3501612106338143,7.912690254859626,6.543968375772238,15.0,12.0,2025-26
Lorenzo Lucca,Nottingham Forest,FW,117.0,1.0,0.0,1.1281560063362122,0.036645036190748215,1.1281560063362122,1.1884786486625671,0.06032259576022625,3.0,1.0,2025-26
Murillo,Nottingham Forest,DF,1821.0,1.0,0.0,0.4395962795242667,0.25082975160330534,0.4395962795242667,5.60048440285027,5.291766870766878,9.0,7.0,2025-26
Alejandro Jiménez,Bournemouth,DF,1920.0,1.0,0.0,1.120446391403675,1.6217392515391111,1.120446391403675,5.273449596017599,2.981225825846195,19.0,13.0,2025-26
Josh Acheampong,Chelsea,DF,574.0,1.0,0.0,0.6539264097809792,0.137966588139534,0.6539264097809792,2.1048905588686466,2.0332134179770947,3.0,2.0,2025-26
Lucas Bergvall,Tottenham,MF,811.0,1.0,2.0,1.0712264385074377,0.2562577445060015,1.0712264385074377,2.723673190921545,1.540505077689886,10.0,4.0,2025-26
André,Wolverhampton Wanderers,MF,2043.0,1.0,0.0,0.32300181686878204,1.0339022614061832,0.32300181686878204,4.38928272202611,3.7738186344504356,9.0,12.0,2025-26
Justin Devenny,Crystal Palace,FW,574.0,1.0,0.0,2.2452754601836205,0.33247873187065125,1.4841066226363182,2.768477648496628,1.2208212092518806,13.0,7.0,2025-26
Matt O&#039;Riley,Brighton,MF,184.0,1.0,0.0,1.139720857143402,0.14959949534386396,0.37855201959609985,0.5305772870779037,0.11395914107561111,4.0,4.0,2025-26
Tom Edozie,Wolverhampton Wanderers,MF,1.0,1.0,0.0,0.08282003551721573,0.0,0.08282003551721573,0.08282003551721573,0.0,1.0,0.0,2025-26
Rio Ngumoha,Liverpool,MF,95.0,1.0,0.0,0.546236764639616,1.2886440493166447,0.546236764639616,2.188313815742731,0.3534329878166318,3.0,9.0,2025-26
Oliver Sonne,Burnley,DF,149.0,1.0,0.0,0.3753026779741049,0.02691812254488468,0.3753026779741049,0.5079874768853188,0.1973782777786255,3.0,1.0,2025-26
Josh Laurent,Burnley,DF,1457.0,1.0,0.0,0.5154238482937217,0.6366975167766213,0.5154238482937217,1.9718069331720471,1.0176709480583668,13.0,11.0,2025-26
Marcus Edwards,Burnley,FW,893.0,1.0,3.0,2.2043877076357603,2.2145643904805183,2.2043877076357603,5.081658076494932,2.1965242326259613,21.0,18.0,2025-26
Jhon Arias,Wolverhampton Wanderers,FW,1140.0,1.0,0.0,3.2931467425078154,0.8962265644222498,3.2931467425078154,4.877626428380609,1.3450943380594254,16.0,11.0,2025-26
Max Dowman,Arsenal,MF,35.0,1.0,0.0,0.5427121035754681,0.04633651673793793,0.5427121035754681,0.5997425727546215,0.05644189193844795,5.0,2.0,2025-26
Stefanos Tzimas,Brighton,FW,111.0,1.0,1.0,0.6250067912042141,0.3843204230070114,0.6250067912042141,0.8074261322617531,0.009937935508787632,4.0,6.0,2025-26
Kevin,Fulham,MF,876.0,1.0,1.0,1.2298060497269034,1.2053345758467913,1.2298060497269034,4.520282581448555,2.6608860678970814,22.0,13.0,2025-26
Fabian Schär,Newcastle United,DF,1096.0,0.0,0.0,0.9631823003292084,0.16267805825918913,0.9631823003292084,3.1928995680063963,3.059698922559619,17.0,4.0,2025-26
Bernd Leno,Fulham,GK,2610.0,0.0,0.0,0.0,0.0,0.0,3.2485439255833626,3.2485439255833626,0.0,0.0,2025-26
Nathan Aké,Manchester City,DF,478.0,0.0,0.0,0.1967456415295601,0.6908719837665558,0.1967456415295601,2.8652374893426895,2.3756012991070747,4.0,5.0,2025-26
Seamus Coleman,Everton,DF,11.0,0.0,0.0,0.0,0.0,0.0,0.0,0.0,0.0,0.0,2025-26
John Stones,Manchester City,DF,356.0,0.0,0.0,0.0,0.06276297569274902,0.0,2.0764190293848515,2.0136560536921024,0.0,1.0,2025-26
Nathaniel Clyne,Crystal Palace,DF,515.0,0.0,1.0,0.2701648138463497,0.6744996476918459,0.2701648138463497,1.1092736274003983,0.8391088638454676,3.0,3.0,2025-26
Kyle Walker,Burnley,DF,2467.0,0.0,2.0,0.0805505272001028,1.300487382337451,0.0805505272001028,6.498321124352515,6.4186014058068395,3.0,9.0,2025-26
Kieran Trippier,Newcastle United,DF,1408.0,0.0,1.0,0.09589945524930954,1.6668990873731673,0.09589945524930954,4.200428852811456,3.782136371359229,2.0,25.0,2025-26
Ola Aina,Nottingham Forest,DF,1145.0,0.0,0.0,0.31503176502883434,0.2826034892350435,0.31503176502883434,3.3243293836712837,2.9446006026118994,10.0,7.0,2025-26
Jordan Pickford,Everton,GK,2700.0,0.0,0.0,0.0,0.0,0.0,1.232120456174016,1.232120456174016,0.0,0.0,2025-26
Jamaal Lascelles,Newcastle United,MF,8.0,0.0,0.0,0.0783025473356247,0.0,0.0783025473356247,0.0,0.0,1.0,0.0,2025-26
Karl Darlow,Leeds,GK,1170.0,0.0,0.0,0.0,0.0,0.0,1.2555173486471176,1.2555173486471176,0.0,0.0,2025-26
Adam Smith,Bournemouth,DF,792.0,0.0,1.0,0.0,0.48412515968084335,0.0,3.2738759592175484,2.7997038792818785,0.0,5.0,2025-26
James Ward-Prowse,"Burnley,West Ham",MF,649.0,0.0,1.0,0.10974198207259178,2.4711044430732727,0.10974198207259178,1.3638674411922693,1.2483263593167067,2.0,17.0,2025-26
Adama Traoré,"Fulham,West Ham",MF,261.0,0.0,0.0,0.3997090458869934,0.41468898579478264,0.3997090458869934,1.2800565622746944,0.5027102306485176,6.0,3.0,2025-26
Sam Byram,Leeds,MF,4.0,0.0,0.0,0.0,0.0,0.0,0.0,0.0,0.0,0.0,2025-26
Patrick Roberts,Sunderland,MF,23.0,0.0,0.0,0.06801629066467285,0.0,0.06801629066467285,0.10939916223287582,0.04138287156820297,1.0,0.0,2025-26
Sam Johnstone,Wolverhampton Wanderers,GK,1080.0,0.0,0.0,0.0,0.0,0.0,0.31883866991847754,0.31883866991847754,0.0,0.0,2025-26
Joseph Gomez,Liverpool,DF,385.0,0.0,2.0,0.14390717819333076,1.2491662725806236,0.14390717819333076,3.8452157638967037,2.659396130591631,2.0,5.0,2025-26
Luke Shaw,Manchester United,DF,2479.0,0.0,1.0,0.3574412167072296,1.288225063122809,0.3574412167072296,8.448187495581806,8.026009338907897,5.0,14.0,2025-26
Tyrone Mings,Aston Villa,DF,864.0,0.0,0.0,0.4835166372358799,0.7093149498105049,0.4835166372358799,2.2468670941889286,1.9349582269787788,6.0,5.0,2025-26
Gianluigi Donnarumma,Manchester City,GK,2430.0,0.0,0.0,0.0,0.0,0.0,6.138754788786173,6.138754788786173,0.0,0.0,2025-26
Alisson,Liverpool,GK,2160.0,0.0,0.0,0.0,0.0,0.0,3.8157739099115133,3.8157739099115133,0.0,0.0,2025-26
Emil Krafth,Newcastle United,DF,51.0,0.0,0.0,0.0,0.0,0.0,0.02087610773742199,0.02087610773742199,0.0,0.0,2025-26
Andrew Robertson,Liverpool,DF,644.0,0.0,0.0,0.28011665120720863,1.2081243060529232,0.28011665120720863,3.356767099350691,2.777178730815649,4.0,15.0,2025-26
Arthur Masuaku,Sunderland,DF,132.0,0.0,0.0,0.07842346280813217,0.05806344375014305,0.07842346280813217,0.15544621646404266,0.09738276898860931,1.0,1.0,2025-26
Lewis Cook,Bournemouth,DF,839.0,0.0,1.0,0.05964579712599516,0.3469301499426365,0.05964579712599516,2.538989583030343,2.386723592877388,3.0,11.0,2025-26
Lucas Digne,Aston Villa,DF,1392.0,0.0,4.0,0.5933190360665321,1.8507690019905567,0.5933190360665321,3.6238254364579916,2.979917211458087,10.0,17.0,2025-26
Jefferson Lerma,Crystal Palace,DF,1132.0,0.0,2.0,1.3518447205424309,1.2902791313827038,1.3518447205424309,5.852634900249541,4.37577960640192,13.0,10.0,2025-26
Mateo Kovacic,Manchester City,MF,2.0,0.0,0.0,0.0,0.0,0.0,0.3933921456336975,0.3933921456336975,0.0,0.0,2025-26
Alphonse Areola,West Ham,GK,1800.0,0.0,1.0,0.0,0.02214457094669342,0.0,0.4307949170470238,0.4307949170470238,0.0,1.0,2025-26
Oleksandr Zinchenko,Nottingham Forest,DF,347.0,0.0,0.0,0.07670699805021286,0.45078352838754654,0.07670699805021286,1.777435079216957,1.6373481005430222,4.0,5.0,2025-26
Issa Diop,Fulham,DF,593.0,0.0,0.0,0.04643355309963226,0.0,0.04643355309963226,0.9406789802014828,0.9406789802014828,1.0,0.0,2025-26
Olivier Boscagli,Brighton,DF,441.0,0.0,1.0,0.02071521058678627,0.06493622064590454,0.02071521058678627,2.073382332921028,2.035942927002907,1.0,2.0,2025-26
Odsonne Edouard,Crystal Palace,MF,1.0,0.0,0.0,0.0,0.0,0.0,0.0,0.0,0.0,0.0,2025-26
Emiliano Martinez,Aston Villa,GK,2207.0,0.0,0.0,0.0,0.06287028640508652,0.0,2.983629237860441,2.9207589514553547,0.0,1.0,2025-26
Adam Armstrong,Wolverhampton Wanderers,FW,488.0,0.0,2.0,0.03197235427796841,1.048253482207656,0.03197235427796841,0.4853653833270073,0.047269146889448166,2.0,5.0,2025-26
Ashley Barnes,Burnley,MF,15.0,0.0,0.0,0.11538831889629364,0.0,0.11538831889629364,0.11538831889629364,0.0,1.0,0.0,2025-26
Kai Havertz,Arsenal,FW,267.0,0.0,1.0,0.3747366666793823,0.20362167060375214,0.3747366666793823,0.9927634112536907,0.44011062011122704,5.0,4.0,2025-26
Leon Bailey,Aston Villa,MF,278.0,0.0,1.0,0.2665048725903034,0.46475008875131607,0.2665048725903034,0.903483722358942,0.43931812793016434,5.0,8.0,2025-26
Kevin Danso,Tottenham,DF,753.0,0.0,0.0,0.1559046134352684,0.0,0.1559046134352684,0.6748217837885022,0.6748217837885022,3.0,0.0,2025-26
Jacob Bruun Larsen,Burnley,FW,965.0,0.0,1.0,1.3876315392553806,1.2826955989003181,1.3876315392553806,4.335738031193614,2.199708631262183,16.0,11.0,2025-26
Angus Gunn,Nottingham Forest,MF,38.0,0.0,0.0,0.0,0.0,0.0,0.01310538500547409,0.01310538500547409,0.0,0.0,2025-26
Nick Pope,Newcastle United,GK,1972.0,0.0,0.0,0.13148732483386993,0.0,0.13148732483386993,1.0526566049084067,1.0526566049084067,1.0,0.0,2025-26
Aaron Wan-Bissaka,West Ham,DF,1829.0,0.0,2.0,0.0,1.067410096526146,0.0,2.78592998534441,2.0441826097667217,0.0,17.0,2025-26
Tosin Adarabioyo,Chelsea,DF,721.0,0.0,0.0,0.07241746783256531,0.4159756898880005,0.07241746783256531,3.1354086361825466,3.1354086361825466,2.0,1.0,2025-26
Daniel James,Leeds,FW,389.0,0.0,0.0,0.6141860373318195,0.448430385440588,0.6141860373318195,1.3244048692286015,0.29825062304735184,10.0,8.0,2025-26
Angel Gomes,Wolverhampton Wanderers,MF,250.0,0.0,0.0,0.0551171638071537,0.14320967718958855,0.0551171638071537,0.420150276273489,0.26885952427983284,2.0,3.0,2025-26
Aaron Ramsdale,Newcastle United,GK,728.0,0.0,0.0,0.0,0.07100074738264084,0.0,1.9670912493020296,1.8960904944688082,0.0,1.0,2025-26
Yves Bissouma,Tottenham,MF,468.0,0.0,0.0,0.21238179970532656,0.0,0.21238179970532656,1.075252041220665,0.9329388849437237,5.0,0.0,2025-26
Youri Tielemans,Aston Villa,MF,1302.0,0.0,4.0,1.6127015110105276,2.6451452299952507,1.6127015110105276,6.216950999572873,4.0505942814052105,17.0,26.0,2025-26
Lewis Dunk,Brighton,DF,2470.0,0.0,0.0,0.9062938950955868,0.5267416425049305,0.9062938950955868,10.374062113463879,10.286683589220047,19.0,6.0,2025-26
Solly March,Brighton,MF,2.0,0.0,0.0,0.0,0.0,0.0,0.0,0.0,0.0,0.0,2025-26
Victor Lindelöf,Aston Villa,DF,556.0,0.0,1.0,0.016222018748521805,0.5980998799204826,0.016222018748521805,1.9454200975596905,1.928704459220171,1.0,2.0,2025-26
Niclas Füllkrug,West Ham,FW,416.0,0.0,0.0,0.9830001182854176,0.4490955099463463,0.9830001182854176,0.9092727340757847,0.1229296624660492,9.0,7.0,2025-26
Will Hughes,Crystal Palace,MF,1221.0,0.0,0.0,1.2812513932585716,1.772324912250042,1.2812513932585716,5.9620810598134995,4.349964182823896,17.0,19.0,2025-26
Daichi Kamada,Crystal Palace,MF,1498.0,0.0,0.0,1.2673697154968977,1.5807847026735544,1.2673697154968977,7.044115810655057,5.274650583975017,16.0,14.0,2025-26
Timothy Castagne,Fulham,DF,1129.0,0.0,0.0,0.8327996283769608,0.41521866898983717,0.8327996283769608,3.534952866844833,2.7095815017819405,8.0,7.0,2025-26
Nikola Milenkovic,Nottingham Forest,DF,2610.0,0.0,0.0,0.478016285225749,0.12305343151092529,0.478016285225749,6.081341329962015,6.041452810168266,14.0,1.0,2025-26
Pau Torres,Aston Villa,DF,1305.0,0.0,0.0,0.67172946408391,0.006894074846059084,0.67172946408391,3.158376555889845,3.0841516368091106,7.0,1.0,2025-26
Joachim Andersen,Fulham,DF,2291.0,0.0,1.0,1.4647207846865058,0.5110774431377649,1.4647207846865058,7.413748137652874,7.223785385489464,12.0,5.0,2025-26
Jadon Sancho,Aston Villa,MF,680.0,0.0,1.0,0.732707379385829,1.6774871312081814,0.732707379385829,4.332859832793474,2.383087646216154,9.0,18.0,2025-26
Reiss Nelson,Brentford,MF,47.0,0.0,0.0,0.5922618359327316,0.0,0.5922618359327316,0.9844722598791122,0.8270842134952545,3.0,0.0,2025-26
Martin Dubravka,Burnley,GK,2700.0,0.0,0.0,0.0,0.0,0.0,1.7337001096457243,1.7337001096457243,0.0,0.0,2025-26
Joe Willock,Newcastle United,MF,671.0,0.0,1.0,0.947976479306817,1.1916479412466288,0.947976479306817,2.604532640427351,1.6844767220318317,10.0,8.0,2025-26
Curtis Jones,Liverpool,MF,1215.0,0.0,1.0,1.6455977549776435,2.2852688562124968,1.6455977549776435,7.577850567176938,5.335578568279743,18.0,19.0,2025-26
Rayan Ait Nouri,Manchester City,DF,789.0,0.0,2.0,0.32291233353316784,1.4492103587836027,0.32291233353316784,6.18644074909389,5.762104917317629,6.0,8.0,2025-26
Dwight McNeil,Everton,FW,876.0,0.0,1.0,1.1852928027510643,1.0698561668395996,1.1852928027510643,3.5738530382514,1.868786171078682,17.0,10.0,2025-26
Jean-Clair Todibo,West Ham,DF,1711.0,0.0,1.0,0.6560113653540611,0.3799619134515524,0.6560113653540611,1.641976846382022,1.4169618915766478,2.0,5.0,2025-26
Matt Doherty,Wolverhampton Wanderers,DF,732.0,0.0,0.0,0.08226848393678665,0.17279621958732605,0.08226848393678665,0.3009897619485855,0.12819353491067886,3.0,3.0,2025-26
Axel Disasi,West Ham,DF,540.0,0.0,0.0,0.6818064413964748,0.023904647678136826,0.6818064413964748,1.7124380469322205,1.6751321256160736,3.0,1.0,2025-26
Matz Sels,Nottingham Forest,GK,1862.0,0.0,0.0,0.0,0.0,0.0,1.3595285816118121,1.3595285816118121,0.0,0.0,2025-26
Pedro Porro,Tottenham,DF,2005.0,0.0,2.0,0.5986047359183431,2.8120722826570272,0.5986047359183431,7.444826226681471,6.565283663570881,19.0,34.0,2025-26
Naif Aguerd,West Ham,DF,180.0,0.0,0.0,0.0885777547955513,0.0,0.0885777547955513,0.13815459609031677,0.13815459609031677,2.0,0.0,2025-26
Hamed Junior Traore,Bournemouth,MF,13.0,0.0,1.0,0.0,0.09559009969234467,0.0,0.09559009969234467,0.0,0.0,1.0,2025-26
Borna Sosa,Crystal Palace,MF,47.0,0.0,0.0,0.0,0.05682658404111862,0.0,0.35563214868307114,0.2988055646419525,0.0,1.0,2025-26
Christian Nørgaard,Arsenal,MF,44.0,0.0,0.0,0.048741746693849564,0.0,0.048741746693849564,0.5345648117363453,0.4858230650424957,1.0,0.0,2025-26
Benoit Badiashile Mukinayi,Chelsea,DF,478.0,0.0,0.0,0.0,0.0,0.0,1.0458098985254765,1.0458098985254765,0.0,0.0,2025-26
Bafode Diakite,Bournemouth,DF,1276.0,0.0,0.0,0.013867756351828575,0.08456607162952423,0.013867756351828575,3.9265325367450714,3.8777282163500786,1.0,2.0,2025-26
Ben White,Arsenal,DF,406.0,0.0,1.0,0.2704902347177267,1.1466932483017445,0.2704902347177267,2.7815939486026764,1.907339196652174,4.0,6.0,2025-26
Max Kilman,West Ham,DF,1552.0,0.0,0.0,1.1671122973784804,0.20770752429962158,1.1671122973784804,1.233875660225749,1.128087779507041,7.0,4.0,2025-26
Dan Burn,Newcastle United,DF,1730.0,0.0,2.0,0.1415409129112959,0.36288652662187815,0.1415409129112959,2.5752498880028725,2.4110507518053055,4.0,6.0,2025-26
Reinildo,Sunderland,DF,1431.0,0.0,1.0,0.1700047692283988,0.25026871636509895,0.1700047692283988,2.238357089459896,2.04243890568614,4.0,4.0,2025-26
Harvey Elliott,"Aston Villa,Liverpool",MF,110.0,0.0,0.0,0.2895753085613251,0.09384871274232864,0.2895753085613251,0.7380336094647646,0.41253812797367573,5.0,1.0,2025-26
Wesley Fofana,Chelsea,DF,1195.0,0.0,1.0,0.3278954364359379,0.6044388152658939,0.3278954364359379,6.817108009010553,6.786492381244898,5.0,2.0,2025-26
Dean Henderson,Crystal Palace,GK,2610.0,0.0,0.0,0.0,0.015475641936063766,0.0,2.713267244398594,2.713267244398594,0.0,1.0,2025-26
Ezri Konsa Ngoyo,Aston Villa,DF,2496.0,0.0,0.0,0.8423888944089413,0.5653226673603058,0.8423888944089413,5.92870057746768,5.4061734192073345,9.0,4.0,2025-26
Sebastiaan Bornauw,Leeds,DF,316.0,0.0,0.0,0.0,0.0,0.0,0.39773938059806824,0.39773938059806824,0.0,0.0,2025-26
Caoimhin Kelleher,Brentford,GK,2520.0,0.0,0.0,0.0,0.10640144906938076,0.0,3.9901845026761293,3.883783061057329,0.0,2.0,2025-26
Igor Julio,West Ham,DF,94.0,0.0,0.0,0.0,0.018099337816238403,0.0,0.06989672780036926,0.06989672780036926,0.0,1.0,2025-26
Sandro Tonali,Newcastle United,MF,2082.0,0.0,2.0,1.2549977814778686,2.814313603565097,1.2549977814778686,7.900558363646269,6.1685956828296185,28.0,26.0,2025-26
Ilia Gruev,Leeds,MF,1249.0,0.0,3.0,0.6924904398620129,1.4936000779271126,0.6924904398620129,3.084871955215931,1.7721107862889767,6.0,11.0,2025-26
Arnaud Kalimuendo Muinga,Nottingham Forest,MF,75.0,0.0,0.0,0.25108829140663147,0.011348750442266464,0.25108829140663147,0.31318918243050575,0.06210089102387428,4.0,1.0,2025-26
Guido Rodríguez,West Ham,MF,159.0,0.0,0.0,0.024249104782938957,0.0,0.024249104782938957,0.32244982570409775,0.29820071905851364,1.0,0.0,2025-26
Sander Berge,Fulham,MF,2444.0,0.0,1.0,0.97884751111269,1.5456924187019467,0.97884751111269,7.77051255479455,6.413409378379583,9.0,15.0,2025-26
Ki-Jana Hoever,Wolverhampton Wanderers,DF,437.0,0.0,0.0,0.00923213642090559,0.33877117466181517,0.00923213642090559,1.378377165645361,1.0303738564252853,1.0,5.0,2025-26
Luca Netz,Nottingham Forest,MF,45.0,0.0,0.0,0.0,0.0,0.0,1.1858215630054474,1.1858215630054474,0.0,0.0,2025-26
Jorge Cuenca,Fulham,DF,948.0,0.0,0.0,0.050821494311094284,0.5158752724528313,0.050821494311094284,2.2441382743418217,2.2441382743418217,1.0,3.0,2025-26
Dennis Cirkin,Sunderland,DF,298.0,0.0,0.0,0.06635839492082596,0.0,0.06635839492082596,0.5310255736112595,0.4646671786904335,1.0,0.0,2025-26
Adrien Truffert,Bournemouth,DF,2671.0,0.0,2.0,0.38535214960575104,3.350329665467143,0.38535214960575104,9.727478684857488,6.824857346713543,11.0,22.0,2025-26
Pascal Struijk,Leeds,DF,2254.0,0.0,1.0,2.539858378469944,0.7542928671464324,2.539858378469944,5.616882084868848,4.815966717898846,24.0,10.0,2025-26
Jack Harrison,Leeds,FW,232.0,0.0,0.0,0.43386831134557724,0.3380284607410431,0.43386831134557724,1.0663754409179091,0.32905645575374365,6.0,1.0,2025-26
Stefan Ortega Moreno,Nottingham Forest,GK,270.0,0.0,0.0,0.0,0.0,0.0,0.12923066318035126,0.12923066318035126,0.0,0.0,2025-26
Wataru Endo,Liverpool,DF,162.0,0.0,1.0,0.06196111440658569,0.13890482485294342,0.06196111440658569,0.9600183218717575,0.7591523677110672,1.0,1.0,2025-26
Sasa Kalajdzic,Wolverhampton Wanderers,MF,11.0,0.0,0.0,0.0,0.0,0.0,0.0,0.0,0.0,0.0,2025-26
Iyenoma Destiny Udogie,Tottenham,DF,792.0,0.0,1.0,0.17199858743697405,0.6968069169670343,0.17199858743697405,3.8055306654423475,3.2939551416784525,3.0,8.0,2025-26
Guglielmo Vicario,Tottenham,GK,2610.0,0.0,0.0,0.0,0.0,0.0,2.7572667440399528,2.7572667440399528,0.0,0.0,2025-26
Dilane Bakwa,Nottingham Forest,MF,332.0,0.0,1.0,0.6827503144741058,0.6963391155004501,0.6827503144741058,1.7611335255205631,0.9625563211739063,8.0,7.0,2025-26
Antonee Robinson,Fulham,DF,884.0,0.0,0.0,0.13459945935755968,0.8089972250163555,0.13459945935755968,3.179399397224188,2.755653716623783,2.0,15.0,2025-26
Aaron Hickey,Brentford,DF,577.0,0.0,0.0,0.5347226746380329,0.6038424372673035,0.5347226746380329,2.5834841448813677,2.1358212772756815,5.0,1.0,2025-26
Florentino Luís,Burnley,MF,1684.0,0.0,2.0,0.9390051607042551,0.4540975745767355,0.9390051607042551,3.8170487862080336,3.16108260396868,9.0,9.0,2025-26
Conor Gallagher,Tottenham,MF,609.0,0.0,1.0,0.9757537953555584,0.3875098433345556,0.9757537953555584,2.1187988705933094,1.3750632815063,5.0,7.0,2025-26
James Trafford,Manchester City,GK,270.0,0.0,0.0,0.0,0.0,0.0,1.4181099254637957,1.4181099254637957,0.0,0.0,2025-26
Robert Sánchez,Chelsea,GK,2434.0,0.0,1.0,0.0,0.8848487213253975,0.0,9.2154821138829,8.330633392557502,0.0,5.0,2025-26
Radu Dragusin,Tottenham,DF,421.0,0.0,0.0,0.2077605351805687,0.0,0.2077605351805687,0.7794275060296059,0.7794275060296059,4.0,0.0,2025-26
Filip Jorgensen,Chelsea,GK,265.0,0.0,0.0,0.0,0.0,0.0,1.2539185211062431,1.2539185211062431,0.0,0.0,2025-26
Jeremie Frimpong,Liverpool,DF,609.0,0.0,1.0,0.4066029079258442,2.1529345363378525,0.4066029079258442,3.7356012538075447,2.4445581790059805,8.0,9.0,2025-26
Dane Scarlett,Tottenham,MF,4.0,0.0,0.0,0.0,0.0,0.0,0.05061304196715355,0.05061304196715355,0.0,0.0,2025-26
Maxime Estève,Burnley,DF,2322.0,0.0,0.0,0.41408769972622395,0.7021042061969638,0.41408769972622395,2.5686502689495683,2.420235709287226,9.0,6.0,2025-26
Valentino Livramento,Newcastle United,DF,1134.0,0.0,1.0,0.1328982561826706,0.6162818782031536,0.1328982561826706,5.730165079236031,5.114083021879196,2.0,10.0,2025-26
Anthony Elanga,Newcastle United,FW,1135.0,0.0,1.0,1.2046642061322927,1.7495205141603947,1.2046642061322927,3.7910681664943695,1.511583086103201,14.0,15.0,2025-26
Tim Iroegbunam,Everton,MF,1115.0,0.0,2.0,0.31243985053151846,1.818956308066845,0.31243985053151846,3.1944514848291874,1.7759469598531723,8.0,6.0,2025-26
Marco Bizot,Aston Villa,GK,403.0,0.0,0.0,0.0,0.0,0.0,1.0298098511993885,1.0298098511993885,0.0,0.0,2025-26
David Raya,Arsenal,GK,2790.0,0.0,0.0,0.0,0.1493939720094204,0.0,5.576761197298765,5.485769975930452,0.0,3.0,2025-26
Kristoffer Ajer,Brentford,DF,1611.0,0.0,1.0,1.053914662450552,0.9042857214808464,1.053914662450552,5.203498689457774,3.5852596405893564,10.0,5.0,2025-26
Ethan Pinnock,Brentford,DF,240.0,0.0,0.0,0.0,0.0,0.0,0.10905151441693306,0.10905151441693306,0.0,0.0,2025-26
Rico Henry,Brentford,DF,1315.0,0.0,1.0,0.14565920177847147,0.31617192178964615,0.14565920177847147,2.418498318642378,2.231708014383912,5.0,4.0,2025-26
Frank Onyeka,Brentford,MF,68.0,0.0,1.0,0.0,0.3706037104129791,0.0,0.3706037104129791,0.3706037104129791,0.0,1.0,2025-26
Giorgi Mamardashvili,Liverpool,GK,450.0,0.0,0.0,0.0,0.0,0.0,1.884380653500557,1.884380653500557,0.0,0.0,2025-26
José Sá,Wolverhampton Wanderers,GK,1620.0,0.0,0.0,0.0,0.08312523365020752,0.0,0.5396595597267151,0.45653432607650757,0.0,1.0,2025-26
Gabriel Gudmundsson,Leeds,DF,2338.0,0.0,0.0,0.8777289493009448,2.4423023387789726,0.8777289493009448,5.452674796804786,3.617291221395135,18.0,19.0,2025-26
Yerson Mosquera,Wolverhampton Wanderers,DF,1632.0,0.0,0.0,2.086806334555149,1.1129373805597425,2.086806334555149,4.158809253945947,2.3699405174702406,21.0,9.0,2025-26
Romeo Lavia,Chelsea,MF,138.0,0.0,0.0,0.0,0.0,0.0,2.433173280209303,2.433173280209303,0.0,0.0,2025-26
Cristhian Mosquera,Arsenal,DF,665.0,0.0,0.0,0.0,0.1646239385008812,0.0,3.46585975587368,3.3756886199116707,0.0,3.0,2025-26
Lamare Bogarde,Aston Villa,DF,673.0,0.0,0.0,0.0,0.04115242511034012,0.0,1.739380568265915,1.6982281506061554,0.0,2.0,2025-26
Conor Bradley,Liverpool,DF,962.0,0.0,1.0,0.21982916723936796,1.1937107481062412,0.21982916723936796,3.412436105310917,2.4054819140583277,6.0,4.0,2025-26
James McAtee,Nottingham Forest,MF,153.0,0.0,0.0,0.01315337885171175,0.2934955358505249,0.01315337885171175,0.33312509674578905,0.03962956089526415,1.0,3.0,2025-26
Diego Coppola,Brighton,DF,192.0,0.0,0.0,0.0,0.0,0.0,0.4860989674925804,0.4860989674925804,0.0,0.0,2025-26
Myles Peart-Harris,Brentford,MF,1.0,0.0,0.0,0.0,0.0,0.0,0.0,0.0,0.0,0.0,2025-26
Vitalii Mykolenko,Everton,DF,2243.0,0.0,1.0,0.2774586006999016,0.8042072150856256,0.2774586006999016,5.342874631285667,4.598276300355792,9.0,15.0,2025-26
Nathan Patterson,Everton,DF,240.0,0.0,0.0,0.1701965481042862,0.0,0.1701965481042862,0.7384375408291817,0.5682409927248955,1.0,0.0,2025-26
Toti,Wolverhampton Wanderers,DF,1063.0,0.0,0.0,0.47234678361564875,0.10832525044679642,0.47234678361564875,1.3968179700896144,1.2609899174422026,4.0,5.0,2025-26
Carlos Baleba,Brighton,MF,1310.0,0.0,0.0,0.388982773758471,0.09389349445700645,0.388982773758471,3.623184653930366,3.252468335442245,15.0,4.0,2025-26
Jamie Bynoe-Gittens,Chelsea,MF,455.0,0.0,2.0,0.8924727980047464,0.978217288851738,0.8924727980047464,2.936161085963249,1.3098940197378397,10.0,9.0,2025-26
Leny Yoro,Manchester United,DF,1437.0,0.0,0.0,1.0201239548623562,0.10260261222720146,1.0201239548623562,3.851807801052928,3.6799732763320208,6.0,3.0,2025-26
Tyler Dibling,Everton,MF,337.0,0.0,0.0,0.13778147101402283,0.21320436522364616,0.13778147101402283,0.8644972424954176,0.634521609172225,4.0,4.0,2025-26
Noussair Mazraoui,Manchester United,DF,619.0,0.0,0.0,0.16849030181765556,0.07619490846991539,0.16849030181765556,4.013312056660652,3.870699256658554,4.0,2.0,2025-26
Sepp van den Berg,Brentford,DF,2124.0,0.0,1.0,2.950783120468259,0.9473770968616009,2.950783120468259,4.255483699962497,3.3559432085603476,18.0,4.0,2025-26
James Hill,Bournemouth,DF,1380.0,0.0,3.0,0.7558055985718966,1.1004740074276924,0.7558055985718966,4.296414981596172,4.0547584760934114,8.0,7.0,2025-26
Joe Worrall,Burnley,DF,478.0,0.0,0.0,0.03810013830661774,0.0,0.03810013830661774,0.5445791333913803,0.5064789950847626,1.0,0.0,2025-26
Djed Spence,Tottenham,DF,1707.0,0.0,0.0,1.0310822296887636,1.808715053834021,1.0310822296887636,5.541106726974249,3.065219447016716,9.0,9.0,2025-26
Lisandro Martínez,Manchester United,DF,889.0,0.0,0.0,0.05390207935124636,0.4361163191497326,0.05390207935124636,5.1095996759831905,5.016608331352472,4.0,4.0,2025-26
Tyrell Malacia,Manchester United,MF,2.0,0.0,0.0,0.0,0.0,0.0,0.05225421115756035,0.05225421115756035,0.0,0.0,2025-26
Wilson Odobert,Tottenham,FW,946.0,0.0,2.0,2.460178238339722,1.9524234533309937,2.460178238339722,5.9682222586125135,2.8834201879799366,21.0,20.0,2025-26
Rico Lewis,Manchester City,DF,299.0,0.0,1.0,0.07378528267145157,1.4945278838276863,0.07378528267145157,2.6490715742111206,1.2449853271245956,2.0,6.0,2025-26
Emmanuel Agbadou,Wolverhampton Wanderers,DF,1093.0,0.0,0.0,0.44676383305341005,0.1717668529599905,0.44676383305341005,1.6553496047854424,1.543709209188819,10.0,4.0,2025-26
Marcos Senesi,Bournemouth,DF,2578.0,0.0,4.0,1.756107204593718,3.382117901928723,1.756107204593718,10.21430388931185,7.454594414681196,14.0,20.0,2025-26
Ryan Yates,Nottingham Forest,MF,335.0,0.0,1.0,0.35529689490795135,0.13348407484591007,0.35529689490795135,1.4000664800405502,1.1654256023466587,4.0,3.0,2025-26
Kaden Rodney,Crystal Palace,MF,1.0,0.0,0.0,0.0,0.0,0.0,0.0,0.0,0.0,0.0,2025-26
Ethan Nwaneri,Arsenal,MF,154.0,0.0,0.0,0.3292111651971936,0.048408184200525284,0.3292111651971936,1.166222719475627,0.9847383946180344,6.0,1.0,2025-26
Wilfried Gnonto,Leeds,FW,361.0,0.0,1.0,0.3248312175273895,0.6911645606160164,0.3248312175273895,2.0139467380940914,1.0399735905230045,8.0,5.0,2025-26
Chadi Riad,Crystal Palace,DF,314.0,0.0,1.0,0.13591536600142717,0.42769163846969604,0.13591536600142717,0.7873845249414444,0.7873845249414444,2.0,1.0,2025-26
Kobbie Mainoo,Manchester United,MF,903.0,0.0,2.0,0.17940098699182272,0.5538328373804688,0.17940098699182272,3.7225767113268375,3.3363159466534853,8.0,15.0,2025-26
Ben Doak,Bournemouth,MF,40.0,0.0,1.0,0.08515836298465729,0.45716217160224915,0.08515836298465729,1.4128027111291885,0.8704821839928627,1.0,1.0,2025-26
Bashir Humphreys,Burnley,DF,1152.0,0.0,0.0,0.4447194803506136,0.6837383769452572,0.4447194803506136,2.706842956133187,2.4326283195987344,7.0,6.0,2025-26
Mamadou Sarr,Chelsea,DF,91.0,0.0,0.0,0.5694634318351746,0.0,0.5694634318351746,0.23050860315561295,0.23050860315561295,1.0,0.0,2025-26
Michael Kayode,Brentford,DF,2471.0,0.0,0.0,0.29719468392431736,2.2556501273065805,0.29719468392431736,7.780531069263816,6.045504422858357,6.0,27.0,2025-26
Carlos Alcaraz,Everton,MF,675.0,0.0,1.0,0.9294976545497775,1.21384940110147,0.9294976545497775,2.604523872025311,1.3459198297932744,18.0,9.0,2025-26
Merlin Röhl,Everton,MF,321.0,0.0,0.0,0.3806900344789028,0.2557048462331295,0.3806900344789028,0.9362909588962793,0.392738439142704,7.0,5.0,2025-26
Facundo Buonanotte,"Chelsea,Leeds",MF,67.0,0.0,0.0,0.04432953521609306,0.1689806431531906,0.04432953521609306,0.26421641558408737,0.2198868803679943,1.0,2.0,2025-26
Romaine Mundle,Sunderland,MF,370.0,0.0,0.0,0.673394400626421,0.017134571447968483,0.673394400626421,1.284482665359974,0.6110882572829723,7.0,1.0,2025-26
Marc Guiu,"Chelsea,Sunderland",FW,233.0,0.0,1.0,2.4548350498080254,0.7587333768606186,2.4548350498080254,3.163074307143688,0.05944950878620148,12.0,3.0,2025-26
Hjalmar Ekdal,Burnley,DF,1185.0,0.0,0.0,0.5319462595507503,0.15541658364236355,0.5319462595507503,2.3550143018364906,2.2430223636329174,5.0,3.0,2025-26
Bart Verbruggen,Brighton,GK,2700.0,0.0,0.0,0.0,0.07646425813436508,0.0,5.708105640485883,5.708105640485883,0.0,1.0,2025-26
Sávio,Manchester City,MF,542.0,0.0,1.0,2.454739084467292,0.6098880097270012,2.454739084467292,4.15956312045455,2.1407860703766346,13.0,6.0,2025-26
Abduqodir Khusanov,Manchester City,DF,881.0,0.0,0.0,0.15468131750822067,0.2001372054219246,0.15468131750822067,3.599716942757368,3.484587173908949,2.0,2.0,2025-26
Manuel Ugarte,Manchester United,MF,752.0,0.0,0.0,0.6452064188197255,0.11097451485693455,0.6452064188197255,3.5583059154450893,2.8601970206946135,11.0,2.0,2025-26
Ian Maatsen,Aston Villa,DF,1240.0,0.0,0.0,1.0339584182947874,1.8613278027623892,1.0339584182947874,3.976281203329563,2.9105440750718117,17.0,19.0,2025-26
Andrey Santos,Chelsea,MF,946.0,0.0,0.0,1.7154290862381458,0.6522208489477634,1.7154290862381458,5.09560789167881,3.811923023313284,8.0,7.0,2025-26
Lucas Pires,Burnley,DF,1093.0,0.0,0.0,0.4762053117156029,1.3178928308188915,0.4762053117156029,2.931411426514387,1.985164844430983,11.0,16.0,2025-26
Oscar Bobb,"Fulham,Manchester City",FW,645.0,0.0,1.0,0.9586002752184868,1.410773154348135,0.9586002752184868,4.379597593098879,3.090272132307291,6.0,15.0,2025-26
Jake O&#039;Brien,Everton,DF,2473.0,0.0,1.0,0.5886748284101486,0.6192675000056624,0.5886748284101486,4.679854653775692,3.956327386200428,9.0,13.0,2025-26
Djordje Petrovic,Bournemouth,GK,2700.0,0.0,0.0,0.0,0.0,0.0,2.13918992690742,2.13918992690742,0.0,0.0,2025-26
Altay Bayindir,Manchester United,GK,540.0,0.0,0.0,0.0,0.2939172387123108,0.0,1.0489089861512184,0.7549917474389076,0.0,1.0,2025-26
Mike Trésor,Burnley,MF,13.0,0.0,0.0,0.0,0.0,0.0,0.0,0.0,0.0,0.0,2025-26
Jackson Tchatchoua,Wolverhampton Wanderers,DF,1592.0,0.0,1.0,0.061103448271751404,1.5490289172157645,0.061103448271751404,4.921395977027714,3.6817248594015837,2.0,16.0,2025-26
Alex Murphy,Newcastle United,MF,1.0,0.0,0.0,0.0,0.0,0.0,0.0,0.0,0.0,0.0,2025-26
Treymaurice Nyoni,Liverpool,MF,3.0,0.0,0.0,0.4788391590118408,0.04941660165786743,0.4788391590118408,0.6415212154388428,0.11326546967029572,1.0,1.0,2025-26
Tawanda Chirewa,Wolverhampton Wanderers,MF,20.0,0.0,0.0,0.0,0.0,0.0,0.0,0.0,0.0,0.0,2025-26
Myles Lewis-Skelly,Arsenal,DF,285.0,0.0,0.0,0.06967075169086456,0.12228979542851448,0.06967075169086456,1.1322807930409908,0.9733922854065895,1.0,3.0,2025-26
Oliver Scarles,West Ham,DF,664.0,0.0,0.0,0.23875021189451218,0.9672641232609749,0.23875021189451218,1.5808512102812529,0.6791210677474737,3.0,4.0,2025-26
Callum Marshall,West Ham,MF,44.0,0.0,0.0,0.2289344072341919,0.0,0.2289344072341919,0.0,0.0,1.0,0.0,2025-26
Lucas Perri,Leeds,GK,1440.0,0.0,0.0,0.0,0.0,0.0,2.474491350352764,2.474491350352764,0.0,0.0,2025-26
Adam Wharton,Crystal Palace,MF,2193.0,0.0,5.0,0.950837598182261,4.816986110061407,0.950837598182261,11.597667545080185,8.569264747202396,24.0,31.0,2025-26
Joshua King,Fulham,FW,1012.0,0.0,1.0,2.0275586619973183,0.4715881245210767,2.0275586619973183,3.893767587840557,1.7059584558010101,20.0,9.0,2025-26
George Earthy,West Ham,MF,7.0,0.0,0.0,0.0,0.0,0.0,0.0,0.0,0.0,0.0,2025-26
Tyrique George,"Chelsea,Everton",MF,239.0,0.0,0.0,0.6463920399546623,0.0,0.6463920399546623,0.6020740419626236,0.4123904649168253,5.0,0.0,2025-26
Hákon Valdimarsson,Brentford,GK,90.0,0.0,0.0,0.0,0.0,0.0,0.21266940236091614,0.21266940236091614,0.0,0.0,2025-26
Christantus Uche,Crystal Palace,MF,109.0,0.0,0.0,0.7797833420336246,0.0,0.7797833420336246,0.7532306127250195,0.03355732560157776,6.0,0.0,2025-26
Harrison Armstrong,Everton,MF,496.0,0.0,0.0,0.43910516798496246,0.12138871103525162,0.43910516798496246,1.5633678585290909,1.3058937191963196,5.0,4.0,2025-26
Mats Wieffer,Brighton,DF,1498.0,0.0,3.0,1.6127033457159996,2.8690227568149567,1.6127033457159996,7.84494699165225,6.019884985871613,14.0,19.0,2025-26
Jota Silva,Nottingham Forest,MF,7.0,0.0,0.0,0.0,0.0,0.0,0.0,0.0,0.0,0.0,2025-26
Andy Irving,West Ham,MF,178.0,0.0,0.0,0.0,0.20211828127503395,0.0,0.17365871742367744,0.1385073959827423,0.0,3.0,2025-26
Mads Hermansen,West Ham,GK,900.0,0.0,0.0,0.0,0.0,0.0,1.0402375496923923,1.0402375496923923,0.0,0.0,2025-26
Luis Guilherme,West Ham,FW,118.0,0.0,0.0,0.039350125938653946,0.05179738998413086,0.039350125938653946,0.0911475159227848,0.0,1.0,1.0,2025-26
Lutsharel Geertruida,Sunderland,DF,1299.0,0.0,0.0,0.6872561611235142,0.7576147364452481,0.6872561611235142,2.732712958008051,1.558221461251378,8.0,7.0,2025-26
Ferdi Kadioglu,Brighton,DF,2425.0,0.0,0.0,1.3375515155494213,1.102859366685152,1.3375515155494213,9.694505885243416,8.008957758545876,20.0,16.0,2025-26
Morato,Nottingham Forest,DF,935.0,0.0,0.0,1.401793820783496,0.013815321959555149,1.401793820783496,2.6422858498990536,2.0910839401185513,4.0,1.0,2025-26
Ayden Heaven,Manchester United,DF,646.0,0.0,1.0,0.21505310852080584,0.365470789372921,0.21505310852080584,3.3284167740494013,2.874162146821618,3.0,2.0,2025-26
Jaydee Canvot,Crystal Palace,DF,618.0,0.0,0.0,0.7780758589506149,0.0517299622297287,0.7780758589506149,1.5240573734045029,1.5240573734045029,3.0,1.0,2025-26
Jack Fletcher,Manchester United,MF,97.0,0.0,0.0,0.037386249750852585,0.11487564817070961,0.037386249750852585,0.26276974007487297,0.14789408445358276,1.0,2.0,2025-26
Pedro Lima,Wolverhampton Wanderers,MF,3.0,0.0,0.0,0.0,0.0,0.0,0.0,0.0,0.0,0.0,2025-26
Fernando López,Wolverhampton Wanderers,MF,211.0,0.0,1.0,0.21815450862050056,0.5119961202144623,0.21815450862050056,0.8440351467579603,0.22909747064113617,5.0,3.0,2025-26
Ben Winterburn,Bournemouth,MF,3.0,0.0,0.0,0.0,0.0,0.0,0.0,0.0,0.0,0.0,2025-26
Ezra Mayers,West Ham,MF,96.0,0.0,0.0,0.10989412665367126,0.11634047329425812,0.10989412665367126,0.39119094237685204,0.16495634242892265,1.0,2.0,2025-26
Jonah Kusi-Asare,Fulham,MF,19.0,0.0,0.0,0.0,0.081977978348732,0.0,0.081977978348732,0.0,0.0,1.0,2025-26
Max Alleyne,Manchester City,DF,138.0,0.0,0.0,0.38138192892074585,0.032163284718990326,0.38138192892074585,0.3675581216812134,0.3675581216812134,2.0,1.0,2025-26
Zach Abbott,Nottingham Forest,DF,117.0,0.0,0.0,0.0,0.0,0.0,0.07999436557292938,0.07999436557292938,0.0,0.0,2025-26
Jamaldeen Jimoh,Aston Villa,MF,5.0,0.0,0.0,0.0,0.0,0.0,0.3433566093444824,0.3433566093444824,0.0,0.0,2025-26
Romain Esse,Crystal Palace,MF,29.0,0.0,0.0,0.0,0.0,0.0,0.0,0.0,0.0,0.0,2025-26
Andrés García,Aston Villa,MF,29.0,0.0,0.0,0.0,0.0,0.0,0.43621760606765747,0.43621760606765747,0.0,0.0,2025-26
Joe Knight,Brighton,MF,1.0,0.0,0.0,0.0,0.0,0.0,0.0,0.0,0.0,0.0,2025-26
Tyler Fredricson,Manchester United,MF,1.0,0.0,0.0,0.0,0.0,0.0,0.0,0.0,0.0,0.0,2025-26
Julio Soler,Bournemouth,MF,27.0,0.0,0.0,0.0,0.0,0.0,0.06438634544610977,0.06438634544610977,0.0,0.0,2025-26
Harry Howell,Brighton,MF,91.0,0.0,0.0,0.0,0.0,0.0,0.0,0.0,0.0,0.0,2025-26
Robin Roefs,Sunderland,GK,2520.0,0.0,0.0,0.0,0.7053439579904079,0.0,2.9585720263421535,2.253228049725294,0.0,4.0,2025-26
Trai Hume,Sunderland,DF,2499.0,0.0,1.0,2.0165103506296873,1.2568716146051884,2.0165103506296873,5.661310759373009,2.931188864633441,26.0,17.0,2025-26
Jenson Seelt,Sunderland,DF,135.0,0.0,0.0,0.0,0.0,0.0,0.30460771918296814,0.30460771918296814,0.0,0.0,2025-26
Noah Sadiki,Sunderland,MF,2218.0,0.0,0.0,0.4920621467754245,0.42260470427572727,0.4920621467754245,4.071445714682341,3.5600623013451695,12.0,10.0,2025-26
Chris Rigg,Sunderland,MF,479.0,0.0,0.0,0.3474468104541302,0.41412023082375526,0.3474468104541302,1.047719530761242,0.39803581684827805,5.0,4.0,2025-26
Dan Neil,Sunderland,MF,13.0,0.0,0.0,0.0,0.0,0.0,0.0,0.0,0.0,0.0,2025-26
El Hadji Malick Diouf,West Ham,DF,2004.0,0.0,5.0,0.45090891420841217,2.366855456493795,0.45090891420841217,4.385458924807608,3.035339754074812,13.0,14.0,2025-26
Freddie Potts,West Ham,MF,1082.0,0.0,1.0,0.21263288706541061,1.184074230492115,0.21263288706541061,2.431451864540577,1.5549293383955956,3.0,7.0,2025-26
Quilindschy Hartman,Burnley,DF,1421.0,0.0,4.0,0.11790954601019621,1.7861270951107144,0.11790954601019621,3.1032379865646362,2.745628722012043,6.0,16.0,2025-26
David Møller Wolfe,Wolverhampton Wanderers,DF,842.0,0.0,2.0,0.08255818113684654,1.2312744036316872,0.08255818113684654,1.6957409083843231,1.2027955185621977,3.0,7.0,2025-26
Jorrel Hato,Chelsea,DF,535.0,0.0,0.0,0.33830922096967697,0.5926388055086136,0.33830922096967697,4.513660009950399,4.158389460295439,4.0,5.0,2025-26
Jair,Nottingham Forest,DF,212.0,0.0,0.0,0.1381586492061615,0.0,0.1381586492061615,0.23144813813269138,0.09328949637711048,2.0,0.0,2025-26
Antoni Milambo,Brentford,MF,50.0,0.0,0.0,0.0,0.0,0.0,0.043761223554611206,0.043761223554611206,0.0,0.0,2025-26
Joël Piroe,Leeds,FW,190.0,0.0,0.0,0.9712987393140793,0.08580565452575684,0.9712987393140793,1.1191052626818419,0.21693582646548748,11.0,1.0,2025-26
Bradley Burrowes,Aston Villa,MF,12.0,0.0,0.0,0.0,0.0,0.0,0.0,0.0,0.0,0.0,2025-26
John Victor,Nottingham Forest,GK,440.0,0.0,0.0,0.0,0.0,0.0,0.8475470691919327,0.8475470691919327,0.0,0.0,2025-26
Veljko Milosavljevic,Bournemouth,DF,363.0,0.0,0.0,0.357437402009964,0.06701014190912247,0.357437402009964,0.45751750841736794,0.39050735905766487,1.0,1.0,2025-26
Tom Watson,Brighton,MF,44.0,0.0,0.0,0.024704832583665848,0.0,0.024704832583665848,0.024704832583665848,0.0,1.0,0.0,2025-26
Divine Mukasa,Manchester City,MF,21.0,0.0,0.0,0.0,0.21173159405589104,0.0,0.7216724120080471,0.5099408626556396,0.0,2.0,2025-26
Senne Lammens,Manchester United,GK,2070.0,0.0,0.0,0.0,0.0,0.0,2.93873742595315,2.93873742595315,0.0,0.0,2025-26
Luke O&#039;Nien,Sunderland,DF,128.0,0.0,0.0,0.0,0.0,0.0,0.0,0.0,0.0,0.0,2025-26
Nehemiah Oriola,Brighton,MF,1.0,0.0,0.0,0.0,0.0,0.0,0.0,0.0,0.0,0.0,2025-26
Jun&#039;ai Byfield,Tottenham,MF,1.0,0.0,0.0,0.0,0.0,0.0,0.0,0.0,0.0,0.0,2025-26
George Hemmings,Aston Villa,MF,19.0,0.0,0.0,0.01938827894628048,0.0,0.01938827894628048,0.3816603980958462,0.36227211728692055,1.0,0.0,2025-26
Shea Lacey,Manchester United,MF,6.0,0.0,0.0,0.05930102616548538,0.0,0.05930102616548538,0.1093531921505928,0.05005216225981712,3.0,0.0,2025-26
Romelle Donovan,Brentford,MF,23.0,0.0,0.0,0.10470368713140488,0.032033760100603104,0.10470368713140488,0.10470368713140488,0.0,3.0,1.0,2025-26
Mohamadou Kanté,West Ham,MF,16.0,0.0,0.0,0.06551869213581085,0.10989412665367126,0.06551869213581085,0.2843971624970436,0.10898434370756149,1.0,1.0,2025-26
Joél Drakes-Thomas,Crystal Palace,MF,2.0,0.0,0.0,0.0,0.0,0.0,0.3753929138183594,0.3753929138183594,0.0,0.0,2025-26
Bendito Mantato,Manchester United,MF,14.0,0.0,0.0,0.0,0.03647809848189354,0.0,0.12379638105630875,0.12379638105630875,0.0,1.0,2025-26
Tyler Fletcher,Manchester United,MF,1.0,0.0,0.0,0.0,0.0,0.0,0.0,0.0,0.0,0.0,2025-26
Jaydon Banel,Burnley,MF,7.0,0.0,0.0,0.0,0.0,0.0,0.0,0.0,0.0,0.0,2025-26
Pablo,West Ham,MF,332.0,0.0,0.0,0.5747046247124672,0.23621780052781105,0.5747046247124672,1.0849135592579842,0.28740884363651276,4.0,4.0,2025-26
Alex Tóth,Bournemouth,MF,69.0,0.0,0.0,0.09959147125482559,0.25035444647073746,0.09959147125482559,1.12132428586483,0.77137840539217,1.0,3.0,2025-26
Souza,Tottenham,DF,78.0,0.0,0.0,0.0,0.20236201584339142,0.0,0.20236201584339142,0.03038470447063446,0.0,3.0,2025-26
Nilson Angulo,Sunderland,MF,261.0,0.0,0.0,0.558087632060051,0.03542923741042614,0.558087632060051,0.48231934010982513,0.11521743983030319,3.0,2.0,2025-26
Melker Ellborg,Sunderland,GK,180.0,0.0,0.0,0.0,0.0,0.0,0.0,0.0,0.0,0.0,2025-26
Alysson Edward,Aston Villa,MF,34.0,0.0,0.0,0.05279543623328209,0.0,0.05279543623328209,0.1039408203214407,0.05114538408815861,1.0,0.0,2025-26
Djiamgone Jocelin Ta Bi,Sunderland,MF,38.0,0.0,0.0,0.0,0.0,0.0,0.0,0.0,0.0,0.0,2025-26
